model,species_key,common_name,scientific_name,rows,trials,detections,positive_locality_seasons,observed_detection_rate,mean_predicted_detection_rate,calibration_error,weighted_bce,positive_triplet_auroc,positive_triplet_auprc
train_prevalence,avibase-00124D98,Mourning Dove,Zenaida macroura,36,596,315,29,0.5285234899328859,0.451200008392334,0.07732348154055191,0.7035184541641711,0.5,0.8290474145505454
train_prevalence,avibase-00635FF9,Pileated Woodpecker,Dryocopus pileatus,36,596,141,27,0.23657718120805368,0.2133333384990692,0.02324384270898447,0.5486717591079028,0.5,0.7211208989868885
train_prevalence,avibase-043F337A,Indigo Bunting,Passerina cyanea,36,596,48,12,0.08053691275167785,0.11946666985750198,0.038929757105824137,0.2880992050932906,0.5,0.3380284857346878
train_prevalence,avibase-05FF3C9B,Dark-eyed Junco,Junco hyemalis,36,596,75,12,0.12583892617449666,0.07146666944026947,0.05437225673422719,0.39684721026691555,0.5,0.5847415831761182
train_prevalence,avibase-0716A71C,Red-breasted Nuthatch,Sitta canadensis,36,596,4,4,0.006711409395973154,0.04106666520237923,0.034355255806406075,0.06307885493562221,0.5,0.11350806451612903
train_prevalence,avibase-078557F2,Red-bellied Woodpecker,Melanerpes carolinus,36,596,347,31,0.5822147651006712,0.5578666925430298,0.024348072557641376,0.680773905122759,0.5,0.9706531810124747
train_prevalence,avibase-082D833C,Eastern Kingbird,Tyrannus tyrannus,36,596,8,5,0.013422818791946308,0.019200000911951065,0.005777182120004757,0.07218481188061028,0.5,0.09828197945845005
train_prevalence,avibase-0CF12F81,Yellow-billed Cuckoo,Coccyzus americanus,36,596,16,4,0.026845637583892617,0.06666667014360428,0.03982103255971166,0.13984005034609154,0.5,0.1899496336996337
train_prevalence,avibase-1327AC55,Osprey,Pandion haliaetus,36,596,6,4,0.010067114093959731,0.012266666628420353,0.002199552534460622,0.05652232721101019,0.5,0.10036713286713286
train_prevalence,avibase-136451CF,Yellow-throated Warbler,Setophaga dominica,36,596,53,10,0.08892617449664429,0.06666667014360428,0.022259504353040013,0.3036741428431193,0.5,0.29419071669071667
train_prevalence,avibase-154BCCAE,Golden-crowned Kinglet,Regulus satrapa,36,596,101,17,0.16946308724832215,0.13973332941532135,0.029729757833000803,0.45851313643416736,0.5,0.6161799937552361
train_prevalence,avibase-15EB3000,Hooded Warbler,Setophaga citrina,36,596,18,9,0.030201342281879196,0.04213333502411842,0.011931992742239227,0.1373917389266682,0.5,0.20037205661019702
train_prevalence,avibase-19CCBBD2,White-breasted Nuthatch,Sitta carolinensis,36,596,280,25,0.4697986577181208,0.3333333432674408,0.13646531445068,0.7311047170358516,0.5,0.6835751977620841
train_prevalence,avibase-1B2A6386,Downy Woodpecker,Dryobates pubescens,36,596,303,30,0.5083892617449665,0.4485333263874054,0.05985593535756106,0.7002062905772243,0.5,0.8444376955263402
train_prevalence,avibase-1DA430B8,Blue Jay,Cyanocitta cristata,36,596,291,30,0.48825503355704697,0.4485333263874054,0.039721707169641574,0.6960465907817208,0.5,0.831500120480441
train_prevalence,avibase-1E1AB415,Brown-headed Cowbird,Molothrus ater,36,596,69,16,0.11577181208053691,0.14773333072662354,0.03196151864608662,0.36274482616420584,0.5,0.3903057729100728
train_prevalence,avibase-23863F65,Ring-billed Gull,Larus delawarensis,36,596,19,7,0.031879194630872486,0.030400000512599945,0.0014791941182725407,0.14125149439833393,0.5,0.4653884542322676
train_prevalence,avibase-240E3390,House Sparrow,Passer domesticus,36,596,6,5,0.010067114093959731,0.04586666822433472,0.035799554130374986,0.07750619966587528,0.5,0.2043374925727867
train_prevalence,avibase-2778A3F4,Acadian Flycatcher,Empidonax virescens,36,596,49,7,0.08221476510067115,0.09973333030939102,0.017518565208719875,0.2859524536934368,0.5,0.2933267832744786
train_prevalence,avibase-27B2749A,Wood Duck,Aix sponsa,36,596,19,12,0.031879194630872486,0.05973333492875099,0.027854140297878506,0.14945953013838406,0.5,0.31784238999925274
train_prevalence,avibase-2C1981BB,Northern Rough-winged Swallow,Stelgidopteryx serripennis,36,596,17,7,0.028523489932885907,0.04479999840259552,0.016276508469709614,0.13310821737161446,0.5,0.14483441861593122
train_prevalence,avibase-3558066B,Belted Kingfisher,Megaceryle alcyon,36,596,43,16,0.07214765100671142,0.08266666531562805,0.010519014308916635,0.25991883397033533,0.5,0.44857658825732233
train_prevalence,avibase-36B3872D,Turkey Vulture,Cathartes aura,36,596,156,29,0.26174496644295303,0.30773332715034485,0.04598836070739182,0.5799905337619822,0.5,0.9109126071590158
train_prevalence,avibase-37E9CCDA,Chipping Sparrow,Spizella passerina,36,596,125,14,0.20973154362416108,0.20160000026226044,0.00813154336190064,0.5138041506159373,0.5,0.4764558939517837
train_prevalence,avibase-39BD9FF2,White-throated Sparrow,Zonotrichia albicollis,36,596,181,20,0.3036912751677852,0.2693333327770233,0.0343579423907619,0.616884117176065,0.5,0.5698523758258413
train_prevalence,avibase-3AC46C54,Double-crested Cormorant,Nannopterum auritum,36,596,16,7,0.026845637583892617,0.07253333181142807,0.04568769422753545,0.14371213116745687,0.5,0.5779883692607477
train_prevalence,avibase-41062654,Northern Parula,Setophaga americana,36,596,81,15,0.13590604026845637,0.12106666713953018,0.014839373128926192,0.39846197137926687,0.5,0.36628731505192474
train_prevalence,avibase-42101632,Scarlet Tanager,Piranga olivacea,36,596,50,7,0.08389261744966443,0.07360000163316727,0.010292615816497167,0.2889207391218956,0.5,0.21208527455647272
train_prevalence,avibase-43E56D2C,Fish Crow,Corvus ossifragus,36,596,85,21,0.14261744966442952,0.1066666692495346,0.03595078041489491,0.4158933817706165,0.5,0.5929617216637677
train_prevalence,avibase-448D91B7,Red-headed Woodpecker,Melanerpes erythrocephalus,36,596,1,1,0.0016778523489932886,0.007466666866093874,0.005788814517100585,0.015699064345934655,0.5,0.2
train_prevalence,avibase-49D9148A,Great Egret,Ardea alba,36,596,8,3,0.013422818791946308,0.013866666704416275,0.0004438479124699666,0.07120268276848603,0.5,0.18726053639846743
train_prevalence,avibase-4D207AF6,Black-and-white Warbler,Mniotilta varia,36,596,23,8,0.03859060402684564,0.05013333261013031,0.011542728583284673,0.16495314575071185,0.5,0.22684784413615058
train_prevalence,avibase-4E192262,Swamp Sparrow,Melospiza georgiana,36,596,46,8,0.07718120805369127,0.06880000233650208,0.0083812057171892,0.2723591132324264,0.5,0.19186565015689055
train_prevalence,avibase-4E74AE22,Northern Cardinal,Cardinalis cardinalis,36,596,403,33,0.6761744966442953,0.6677333116531372,0.00844118499115809,0.6298807321069204,0.5,0.927801396871037
train_prevalence,avibase-4FF7DE80,Black Vulture,Coragyps atratus,36,596,103,17,0.17281879194630873,0.17440000176429749,0.0015812098179887601,0.46033643624568893,0.5,0.543330282959439
train_prevalence,avibase-536A5157,Red-tailed Hawk,Buteo jamaicensis,36,596,60,17,0.10067114093959731,0.08906666934490204,0.01160447159469527,0.32735447930364525,0.5,0.5239638842677807
train_prevalence,avibase-58C502EA,Barn Swallow,Hirundo rustica,36,596,26,10,0.0436241610738255,0.06613333523273468,0.022509174158909177,0.18392358656545435,0.5,0.19207349389030975
train_prevalence,avibase-6090278A,Eastern Towhee,Pipilo erythrophthalmus,36,596,181,27,0.3036912751677852,0.36693334579467773,0.06324207062689252,0.6228114192653331,0.5,0.6678078822930695
train_prevalence,avibase-60E6081E,Hooded Merganser,Lophodytes cucullatus,36,596,17,3,0.028523489932885907,0.01653333380818367,0.011990156124702236,0.13321010506824174,0.5,1.0
train_prevalence,avibase-60F32AF8,American Herring Gull,Larus smithsonianus,36,596,0,0,0.0,0.0015999999595806003,0.0015999999595806003,0.0016012813264896588,,
train_prevalence,avibase-6283E61E,Pine Warbler,Setophaga pinus,36,596,141,16,0.23657718120805368,0.30559998750686646,0.06902280629881277,0.5588828262597086,0.5,0.5087945556550433
train_prevalence,avibase-62CA2AF8,Eastern Phoebe,Sayornis phoebe,36,596,264,28,0.4429530201342282,0.29919999837875366,0.14375302175547455,0.7325346154542947,0.5,0.7551244380460543
train_prevalence,avibase-69544B59,American Crow,Corvus brachyrhynchos,36,596,411,32,0.6895973154362416,0.6272000074386597,0.06239730799758192,0.6279685436178711,0.5,0.921049634893258
train_prevalence,avibase-6CDC3C9C,Laughing Gull,Leucophaeus atricilla,36,596,2,1,0.003355704697986577,0.009066666476428509,0.005710961778441931,0.024859839632344904,0.5,0.034482758620689655
train_prevalence,avibase-719935EF,Royal Tern,Thalasseus maximus,36,596,1,1,0.0016778523489932886,0.004800000227987766,0.0031221478789944775,0.013761771582592217,0.5,0.034482758620689655
train_prevalence,avibase-7EFF698D,Northern Mockingbird,Mimus polyglottos,36,596,92,22,0.15436241610738255,0.23466666042804718,0.08030424432066463,0.449922627753329,0.5,0.6039982144719109
train_prevalence,avibase-847717E2,Red-eyed Vireo,Vireo olivaceus,36,596,108,14,0.18120805369127516,0.17440000176429749,0.006808051926977671,0.4733797153648085,0.5,0.31201984052692533
train_prevalence,avibase-85625D75,Mallard,Anas platyrhynchos,36,596,63,16,0.10570469798657718,0.08746666461229324,0.018238033374283938,0.3394046772338964,0.5,0.5394808222166234
train_prevalence,avibase-86D45B8F,Green Heron,Butorides virescens,36,596,5,3,0.008389261744966443,0.01119999960064888,0.002810737855682437,0.04885193637536141,0.5,0.0977450980392157
train_prevalence,avibase-891798D9,Summer Tanager,Piranga rubra,36,596,50,6,0.08389261744966443,0.12053333222866058,0.03664071477899615,0.29516690768517145,0.5,0.23658679283679285
train_prevalence,avibase-89431E9F,House Finch,Haemorhous mexicanus,36,596,109,26,0.18288590604026847,0.2277333289384842,0.04484742289821572,0.4817573224072095,0.5,0.7602215923129416
train_prevalence,avibase-8BBB3255,Common Grackle,Quiscalus quiscula,36,596,53,13,0.08892617449664429,0.09759999811649323,0.008673823619848933,0.30048525128810344,0.5,0.29386178168491767
train_prevalence,avibase-8CD66855,Eastern Meadowlark,Sturnella magna,36,596,44,8,0.0738255033557047,0.06880000233650208,0.005025501019202627,0.26361659546206406,0.5,0.1932166100207815
train_prevalence,avibase-8D6D5F2B,Great Crested Flycatcher,Myiarchus crinitus,36,596,22,9,0.03691275167785235,0.058133333921432495,0.021220582243580144,0.16269816648961336,0.5,0.2925925139977427
train_prevalence,avibase-8E1D9327,Wood Thrush,Hylocichla mustelina,36,596,57,12,0.09563758389261745,0.08533333241939545,0.010304251473222004,0.3160474061547823,0.5,0.2845906057362414
train_prevalence,avibase-93694BB5,Great Blue Heron,Ardea herodias,36,596,59,20,0.09899328859060402,0.07039999961853027,0.02859328897207375,0.32845912501942354,0.5,0.6545056866518195
train_prevalence,avibase-9437D635,Cedar Waxwing,Bombycilla cedrorum,36,596,42,17,0.07046979865771812,0.08053333312273026,0.010063534465012139,0.2555640874964888,0.5,0.45060719302595337
train_prevalence,avibase-94A44032,European Starling,Sturnus vulgaris,36,596,54,11,0.09060402684563758,0.12213333696126938,0.0315293101156318,0.3089662535277714,0.5,0.28278902708802733
train_prevalence,avibase-95B77F08,Gray Catbird,Dumetella carolinensis,36,596,52,12,0.087248322147651,0.109866663813591,0.022618341665939998,0.2989165564542189,0.5,0.2467576666614222
train_prevalence,avibase-95DB0943,Blue-headed Vireo,Vireo solitarius,36,596,25,11,0.04194630872483222,0.03680000081658363,0.005146307908248583,0.174438970642062,0.5,0.33864426276449744
train_prevalence,avibase-9891BF73,Eastern Wood-Pewee,Contopus virens,36,596,55,7,0.09228187919463088,0.1141333356499672,0.021851456455336316,0.310292772584727,0.5,0.2723058514983981
train_prevalence,avibase-9A8E55D0,Pied-billed Grebe,Podilymbus podiceps,36,596,10,3,0.016778523489932886,0.009066666476428509,0.007711857013504377,0.08786712280673009,0.5,0.44771241830065356
train_prevalence,avibase-9BE68BD3,Yellow-bellied Sapsucker,Sphyrapicus varius,36,596,120,14,0.20134228187919462,0.12906666100025177,0.07227562087894285,0.5225998558184277,0.5,0.618918292737111
train_prevalence,avibase-9D06AF89,Hairy Woodpecker,Leuconotopicus villosus,36,596,85,12,0.14261744966442952,0.07306666672229767,0.06955078294213185,0.4381946011458091,0.5,0.3937945904857669
train_prevalence,avibase-A15C5071,Blue-gray Gnatcatcher,Polioptila caerulea,36,596,124,17,0.2080536912751678,0.19840000569820404,0.00965368557696375,0.5116560221303137,0.5,0.3890291212835218
train_prevalence,avibase-A4F5C5C8,Northern House Wren,Troglodytes aedon,36,596,45,13,0.07550335570469799,0.06133333221077919,0.014170023493918799,0.26927834592562455,0.5,0.30762827351699445
train_prevalence,avibase-A5F09E05,Song Sparrow,Melospiza melodia,36,596,234,25,0.3926174496644295,0.35093334317207336,0.041684106492356154,0.6736556889670707,0.5,0.7735339378864954
train_prevalence,avibase-A7A75EA1,Blue Grosbeak,Passerina caerulea,36,596,17,8,0.028523489932885907,0.0538666658103466,0.025343175877460697,0.13711643615359806,0.5,0.22872611084567607
train_prevalence,avibase-A8347C7D,Eastern Bluebird,Sialia sialis,36,596,294,30,0.49328859060402686,0.4415999948978424,0.05168859570618445,0.6984402833126383,0.5,0.8881131227679439
train_prevalence,avibase-ACB9D1C6,Purple Martin,Progne subis,36,596,1,1,0.0016778523489932886,0.03253333270549774,0.030855480356504452,0.03876627987653651,0.5,0.04
train_prevalence,avibase-AD7F307B,Brown-headed Nuthatch,Sitta pusilla,36,596,86,21,0.14429530201342283,0.14239999651908875,0.0018953054943340875,0.41269938478526813,0.5,0.6133306738090758
train_prevalence,avibase-B01E8BD4,Hermit Thrush,Catharus guttatus,36,596,59,15,0.09899328859060402,0.09600000083446503,0.002993287756138996,0.32291650407550115,0.5,0.4375931086532108
train_prevalence,avibase-B48335B1,Pine Siskin,Spinus pinus,36,596,4,4,0.006711409395973154,0.03946666792035103,0.03275525852437788,0.06168962955993203,0.5,0.147734746072342
train_prevalence,avibase-B488AB70,Tufted Titmouse,Baeolophus bicolor,36,596,461,34,0.7734899328859061,0.6922666430473328,0.0812232898385733,0.5514242853002661,0.5,0.9894369373015147
train_prevalence,avibase-B59E1863,Canada Goose,Branta canadensis,36,596,97,22,0.16275167785234898,0.12479999661445618,0.037951681237892804,0.4503007975613129,0.5,0.6620831887118797
train_prevalence,avibase-B60B1166,Ruby-crowned Kinglet,Corthylio calendula,36,596,135,19,0.22651006711409397,0.20960000157356262,0.016910065540531344,0.5358715957909058,0.5,0.5524712935261036
train_prevalence,avibase-BA4C8A02,Common Yellowthroat,Geothlypis trichas,36,596,48,12,0.08053691275167785,0.10719999670982361,0.02666308395814576,0.2841040697665704,0.5,0.34510843904647
train_prevalence,avibase-BBA2F9DF,Tree Swallow,Tachycineta bicolor,36,596,35,9,0.0587248322147651,0.06880000233650208,0.010075170121736976,0.2242752654954338,0.5,0.1947259435175036
train_prevalence,avibase-BC5A9498,Yellow-rumped Warbler,Setophaga coronata,36,596,93,22,0.15604026845637584,0.10559999942779541,0.050440269028580426,0.4449813882878388,0.5,0.7123654188445729
train_prevalence,avibase-BCF9A19A,Killdeer,Charadrius vociferus,36,596,36,8,0.06040268456375839,0.058666665107011795,0.0017360194567465972,0.22810112634906077,0.5,0.245632152108335
train_prevalence,avibase-BED38F50,American Redstart,Setophaga ruticilla,36,596,15,8,0.025167785234899327,0.03893333300948143,0.013765547774582103,0.12040427688772083,0.5,0.2508102766798419
train_prevalence,avibase-C3AD1AFF,Chimney Swift,Chaetura pelagica,36,596,60,17,0.10067114093959731,0.08693332970142365,0.013737811238173664,0.32769141815975644,0.5,0.41304363345979866
train_prevalence,avibase-C86D078E,Red-winged Blackbird,Agelaius phoeniceus,36,596,70,15,0.1174496644295302,0.14826667308807373,0.030817008658543532,0.3658144635966261,0.5,0.4271484435806687
train_prevalence,avibase-C8F9F2D0,Brown Thrasher,Toxostoma rufum,36,596,73,22,0.12248322147651007,0.15520000457763672,0.03271678310112665,0.37618913777611174,0.5,0.551761548707577
train_prevalence,avibase-C9ABA616,American Goldfinch,Spinus tristis,36,596,320,28,0.5369127516778524,0.4357333481311798,0.10117940354667254,0.7110183964380504,0.5,0.865283010733093
train_prevalence,avibase-CB5469E1,Carolina Wren,Thryothorus ludovicianus,36,596,455,33,0.7634228187919463,0.7343999743461609,0.0290228444457854,0.5493152043323071,0.5,0.9866078180583528
train_prevalence,avibase-CEA5B6AA,Ovenbird,Seiurus aurocapilla,36,596,77,8,0.12919463087248323,0.09546666592359543,0.0337279649488878,0.39084859685523343,0.5,0.21435472383053028
train_prevalence,avibase-D77E4B41,American Robin,Turdus migratorius,36,596,252,28,0.4228187919463087,0.29653334617614746,0.12628544577016126,0.7169913824988716,0.5,0.8186922685483405
train_prevalence,avibase-D97F93CC,White-eyed Vireo,Vireo griseus,36,596,54,14,0.09060402684563758,0.10186666995286942,0.011262643107231837,0.3046503403235657,0.5,0.34309141882488614
train_prevalence,avibase-DEC3D8D0,Ruby-throated Hummingbird,Archilochus colubris,36,596,67,15,0.11241610738255034,0.10026666522026062,0.01214944216228972,0.35232759937711783,0.5,0.3773786010806471
train_prevalence,avibase-E23F6DE0,Field Sparrow,Spizella pusilla,36,596,51,9,0.08557046979865772,0.07946666330099106,0.006103806497666661,0.2924168218248463,0.5,0.258799763433182
train_prevalence,avibase-E826E9F3,Great Black-backed Gull,Larus marinus,36,596,2,1,0.003355704697986577,0.0069333333522081375,0.0035776286542215604,0.02361673259198909,0.5,0.034482758620689655
train_prevalence,avibase-EA4D6C0B,Red-shouldered Hawk,Buteo lineatus,36,596,173,26,0.2902684563758389,0.2826666533946991,0.007601802981139827,0.6025336156408593,0.5,0.7209058796654705
train_prevalence,avibase-EB98812F,Cooper's Hawk,Astur cooperii,36,596,22,10,0.03691275167785235,0.04106666520237923,0.0041539135245268755,0.1582319538391492,0.5,0.30819697466500534
train_prevalence,avibase-EF47E15D,Boat-tailed Grackle,Quiscalus major,36,596,1,1,0.0016778523489932886,0.004800000227987766,0.0031221478789944775,0.013761771582592217,0.5,0.034482758620689655
train_prevalence,avibase-F59AB6B3,Brown Pelican,Pelecanus occidentalis,36,596,1,1,0.0016778523489932886,0.006399999838322401,0.004722147489329112,0.014885394395637344,0.5,0.034482758620689655
train_prevalence,avibase-F941AAD3,Carolina Chickadee,Poecile carolinensis,36,596,468,33,0.785234899328859,0.7413333058357239,0.04390159349313516,0.5254332697562965,0.5,0.9287137461704831
train_prevalence,avibase-FB738385,Bufflehead,Bucephala albeola,36,596,15,3,0.025167785234899327,0.014399999752640724,0.010767785482258603,0.12086431020424068,0.5,1.0
train_prevalence,avibase-FED3756C,Bald Eagle,Haliaeetus leucocephalus,36,596,22,9,0.03691275167785235,0.03893333300948143,0.002020581331629079,0.15806090614900412,0.5,0.27870926459161754
train_prevalence,avibase-FF9D71AF,Northern Flicker,Colaptes auratus,36,596,93,19,0.15604026845637584,0.12373333424329758,0.03230693421307826,0.43754015971438803,0.5,0.5535978662002566
availability,avibase-00124D98,Mourning Dove,Zenaida macroura,36,596,315,29,0.5285234899328859,0.4551276795116047,0.07339581042128118,0.7029914495832529,0.541871921182266,0.8271993988281817
availability,avibase-00635FF9,Pileated Woodpecker,Dryocopus pileatus,36,596,141,27,0.23657718120805368,0.2219169382380959,0.01466024296995777,0.538564798573617,0.6707818930041153,0.8750915329891753
availability,avibase-043F337A,Indigo Bunting,Passerina cyanea,36,596,48,12,0.08053691275167785,0.11039862437986288,0.02986171162818503,0.275870813014631,0.84375,0.706582276655806
availability,avibase-05FF3C9B,Dark-eyed Junco,Junco hyemalis,36,596,75,12,0.12583892617449666,0.06906907037900598,0.05676985579549068,0.3845753730974307,0.7048611111111112,0.7041523019464196
availability,avibase-0716A71C,Red-breasted Nuthatch,Sitta canadensis,36,596,4,4,0.006711409395973154,0.042368430056727975,0.03565702066075482,0.06463881356699346,0.390625,0.13601190476190478
availability,avibase-078557F2,Red-bellied Woodpecker,Melanerpes carolinus,36,596,347,31,0.5822147651006712,0.5915022610417948,0.009287495941123658,0.6565035440528066,0.8838709677419355,0.9813931118543269
availability,avibase-082D833C,Eastern Kingbird,Tyrannus tyrannus,36,596,8,5,0.013422818791946308,0.019426143975090862,0.006003325183144554,0.07061820678770074,0.7870967741935484,0.43177489177489176
availability,avibase-0CF12F81,Yellow-billed Cuckoo,Coccyzus americanus,36,596,16,4,0.026845637583892617,0.06238896154717311,0.0355433239632805,0.1341529771148083,0.859375,0.4431818181818181
availability,avibase-1327AC55,Osprey,Pandion haliaetus,36,596,6,4,0.010067114093959731,0.011092593754335437,0.0010254796603757065,0.05640034826135604,0.4921875,0.1392857142857143
availability,avibase-136451CF,Yellow-throated Warbler,Setophaga dominica,36,596,53,10,0.08892617449664429,0.06931066153658516,0.01961551296005913,0.2920867098741781,0.9115384615384615,0.8834967320261438
availability,avibase-154BCCAE,Golden-crowned Kinglet,Regulus satrapa,36,596,101,17,0.16946308724832215,0.15348698945103476,0.015976097797287397,0.4454487484381749,0.7925696594427245,0.7931284670731039
availability,avibase-15EB3000,Hooded Warbler,Setophaga citrina,36,596,18,9,0.030201342281879196,0.03792869715932631,0.007727354877447117,0.13271669242857462,0.757201646090535,0.4609777903256165
availability,avibase-19CCBBD2,White-breasted Nuthatch,Sitta carolinensis,36,596,280,25,0.4697986577181208,0.36522944721599554,0.10456921050212525,0.6987904899457285,0.7890909090909091,0.8781572615998866
availability,avibase-1B2A6386,Downy Woodpecker,Dryobates pubescens,36,596,303,30,0.5083892617449665,0.46298632690770514,0.04540293483726132,0.6818265407702736,0.8277777777777777,0.9638790383720809
availability,avibase-1DA430B8,Blue Jay,Cyanocitta cristata,36,596,291,30,0.48825503355704697,0.4638605727345351,0.024394460822511843,0.686007520920927,0.85,0.9669935679663685
availability,avibase-1E1AB415,Brown-headed Cowbird,Molothrus ater,36,596,69,16,0.11577181208053691,0.13834574354825005,0.022573931467713138,0.3515177072619536,0.7875,0.8331463675213675
availability,avibase-23863F65,Ring-billed Gull,Larus delawarensis,36,596,19,7,0.031879194630872486,0.030448010125691257,0.0014311845051812287,0.13747011749228097,0.6945812807881774,0.414935064935065
availability,avibase-240E3390,House Sparrow,Passer domesticus,36,596,6,5,0.010067114093959731,0.040150670690974534,0.030083556597014803,0.07271063787961562,0.535483870967742,0.33696916110709213
availability,avibase-2778A3F4,Acadian Flycatcher,Empidonax virescens,36,596,49,7,0.08221476510067115,0.09403908330222104,0.011824318201549888,0.274190793730775,0.6108374384236454,0.4655230208025239
availability,avibase-27B2749A,Wood Duck,Aix sponsa,36,596,19,12,0.031879194630872486,0.0561522547493145,0.024273060118442012,0.1448548688139184,0.6701388888888888,0.628471207323509
availability,avibase-2C1981BB,Northern Rough-winged Swallow,Stelgidopteryx serripennis,36,596,17,7,0.028523489932885907,0.04169587074660215,0.013172380813716245,0.1275907336755239,0.8325123152709359,0.4762445887445887
availability,avibase-3558066B,Belted Kingfisher,Megaceryle alcyon,36,596,43,16,0.07214765100671142,0.08246597587662255,0.010318324869911133,0.25964577820702917,0.578125,0.6142469007530549
availability,avibase-36B3872D,Turkey Vulture,Cathartes aura,36,596,156,29,0.26174496644295303,0.301003041883443,0.03925807544048998,0.5734283402728881,0.6009852216748769,0.8178676184376196
availability,avibase-37E9CCDA,Chipping Sparrow,Spizella passerina,36,596,125,14,0.20973154362416108,0.18783733973767133,0.021894203886489744,0.5024378084179745,0.6266233766233766,0.523646657575229
availability,avibase-39BD9FF2,White-throated Sparrow,Zonotrichia albicollis,36,596,181,20,0.3036912751677852,0.2901911303250982,0.013500144842687023,0.5901416316886896,0.80625,0.8439060058379318
availability,avibase-3AC46C54,Double-crested Cormorant,Nannopterum auritum,36,596,16,7,0.026845637583892617,0.06755493366278258,0.040709296078889956,0.1394813005432336,0.5812807881773399,0.2827705627705628
availability,avibase-41062654,Northern Parula,Setophaga americana,36,596,81,15,0.13590604026845637,0.11371389221425024,0.022192148054206134,0.3834545135383736,0.7142857142857143,0.7228558724839261
availability,avibase-42101632,Scarlet Tanager,Piranga olivacea,36,596,50,7,0.08389261744966443,0.07665923185296507,0.007233385596699365,0.2775731085751127,0.8916256157635468,0.7734107997265891
availability,avibase-43E56D2C,Fish Crow,Corvus ossifragus,36,596,85,21,0.14261744966442952,0.10503936097675921,0.037578088687670305,0.41014146774035914,0.48253968253968255,0.6685766179880954
availability,avibase-448D91B7,Red-headed Woodpecker,Melanerpes erythrocephalus,36,596,1,1,0.0016778523489932886,0.007751522718572477,0.006073670369579188,0.015608713766186838,0.8857142857142857,0.2
availability,avibase-49D9148A,Great Egret,Ardea alba,36,596,8,3,0.013422818791946308,0.01438694106939955,0.0009641222774532422,0.07042071320290098,0.5757575757575758,0.4174603174603175
availability,avibase-4D207AF6,Black-and-white Warbler,Mniotilta varia,36,596,23,8,0.03859060402684564,0.05248316677424732,0.01389256274740168,0.16314452195693507,0.8616071428571429,0.5796092796092797
availability,avibase-4E192262,Swamp Sparrow,Melospiza georgiana,36,596,46,8,0.07718120805369127,0.07557063302862764,0.0016105750250636347,0.26221440233298987,0.8169642857142857,0.6155719280719281
availability,avibase-4E74AE22,Northern Cardinal,Cardinalis cardinalis,36,596,403,33,0.6761744966442953,0.6486585324242611,0.027515964220034217,0.6181954282819746,0.696969696969697,0.938337070996603
availability,avibase-4FF7DE80,Black Vulture,Coragyps atratus,36,596,103,17,0.17281879194630873,0.18959191389031857,0.016773121944009844,0.4544503061806719,0.5851393188854489,0.6587450133252355
availability,avibase-536A5157,Red-tailed Hawk,Buteo jamaicensis,36,596,60,17,0.10067114093959731,0.08565104095227766,0.015020099987319652,0.32552103771384666,0.7337461300309598,0.6646998070470806
availability,avibase-58C502EA,Barn Swallow,Hirundo rustica,36,596,26,10,0.0436241610738255,0.06573014211334638,0.022105981039520876,0.17741310519693015,0.7346153846153847,0.44137474152954026
availability,avibase-6090278A,Eastern Towhee,Pipilo erythrophthalmus,36,596,181,27,0.3036912751677852,0.34985018986583555,0.046158914698050335,0.5954203181993638,0.8641975308641975,0.9606022657526475
availability,avibase-60E6081E,Hooded Merganser,Lophodytes cucullatus,36,596,17,3,0.028523489932885907,0.017423399838137645,0.011100090094748261,0.12635286905701418,0.9090909090909091,0.6
availability,avibase-60F32AF8,American Herring Gull,Larus smithsonianus,36,596,0,0,0.0,0.0013648760899582614,0.0013648760899582614,0.0013658175050891036,,
availability,avibase-6283E61E,Pine Warbler,Setophaga pinus,36,596,141,16,0.23657718120805368,0.2871867788568039,0.0506095976487502,0.5309680383108253,0.8,0.8106644172820643
availability,avibase-62CA2AF8,Eastern Phoebe,Sayornis phoebe,36,596,264,28,0.4429530201342282,0.3245427783503628,0.11841024178386539,0.7029910728729072,0.8526785714285714,0.9538574339781182
availability,avibase-69544B59,American Crow,Corvus brachyrhynchos,36,596,411,32,0.6895973154362416,0.651956904554527,0.03764041088171455,0.6186526023044582,0.7421875,0.9501184497137812
availability,avibase-6CDC3C9C,Laughing Gull,Leucophaeus atricilla,36,596,2,1,0.003355704697986577,0.008581189006635757,0.00522548430864918,0.023510063913481496,1.0,1.0
availability,avibase-719935EF,Royal Tern,Thalasseus maximus,36,596,1,1,0.0016778523489932886,0.004400416769184197,0.0027225644201909083,0.012868391246364177,1.0,1.0
availability,avibase-7EFF698D,Northern Mockingbird,Mimus polyglottos,36,596,92,22,0.15436241610738255,0.2108913012999016,0.05652888519251906,0.4299618670418915,0.685064935064935,0.7397433989588101
availability,avibase-847717E2,Red-eyed Vireo,Vireo olivaceus,36,596,108,14,0.18120805369127516,0.1677085818760347,0.013499471815240444,0.4547140009860438,0.8214285714285714,0.8314471243042671
availability,avibase-85625D75,Mallard,Anas platyrhynchos,36,596,63,16,0.10570469798657718,0.09357824536577967,0.012126452620797507,0.3330796402786835,0.63125,0.542996006956839
availability,avibase-86D45B8F,Green Heron,Butorides virescens,36,596,5,3,0.008389261744966443,0.010948947674576067,0.0025596859296096244,0.04746309193626156,0.8484848484848485,0.273015873015873
availability,avibase-891798D9,Summer Tanager,Piranga rubra,36,596,50,6,0.08389261744966443,0.11311881441697978,0.02922619696731535,0.2840611331734583,0.7277777777777777,0.63387747443475
availability,avibase-89431E9F,House Finch,Haemorhous mexicanus,36,596,109,26,0.18288590604026847,0.21073859782526957,0.027852691785001105,0.46881946472158437,0.7269230769230769,0.8539946309607759
availability,avibase-8BBB3255,Common Grackle,Quiscalus quiscula,36,596,53,13,0.08892617449664429,0.09978955540331018,0.010863380906665887,0.29380289331790777,0.6655518394648829,0.5669804217375067
availability,avibase-8CD66855,Eastern Meadowlark,Sturnella magna,36,596,44,8,0.0738255033557047,0.06860761369434779,0.005217889661356917,0.2574930755937042,0.6116071428571429,0.3995417625852408
availability,avibase-8D6D5F2B,Great Crested Flycatcher,Myiarchus crinitus,36,596,22,9,0.03691275167785235,0.054934489078219705,0.018021737400367353,0.15521576880850832,0.8477366255144033,0.7253086419753086
availability,avibase-8E1D9327,Wood Thrush,Hylocichla mustelina,36,596,57,12,0.09563758389261745,0.08291620149858446,0.01272138239403299,0.30527174146795233,0.8611111111111112,0.8009259259259259
availability,avibase-93694BB5,Great Blue Heron,Ardea herodias,36,596,59,20,0.09899328859060402,0.07095421162502677,0.028039076965577253,0.3287029219617981,0.65,0.7189454144438108
availability,avibase-9437D635,Cedar Waxwing,Bombycilla cedrorum,36,596,42,17,0.07046979865771812,0.08185687722425733,0.011387078566539213,0.24812521098288437,0.7554179566563467,0.6676578242228158
availability,avibase-94A44032,European Starling,Sturnus vulgaris,36,596,54,11,0.09060402684563758,0.12253355468629591,0.031929527840658334,0.30014137600230545,0.8181818181818182,0.620218378113115
availability,avibase-95B77F08,Gray Catbird,Dumetella carolinensis,36,596,52,12,0.087248322147651,0.10912855584549423,0.021880233697843227,0.2874016813392594,0.7743055555555556,0.6304635380722338
availability,avibase-95DB0943,Blue-headed Vireo,Vireo solitarius,36,596,25,11,0.04194630872483222,0.03584315565933517,0.006103153065497045,0.17416378220381365,0.6145454545454545,0.4441549595874172
availability,avibase-9891BF73,Eastern Wood-Pewee,Contopus virens,36,596,55,7,0.09228187919463088,0.11420335601890247,0.02192147682427159,0.29862438213271003,0.8078817733990148,0.6709523809523809
availability,avibase-9A8E55D0,Pied-billed Grebe,Podilymbus podiceps,36,596,10,3,0.016778523489932886,0.009607666131459027,0.007170857358473859,0.08513128903994872,0.9090909090909091,0.6
availability,avibase-9BE68BD3,Yellow-bellied Sapsucker,Sphyrapicus varius,36,596,120,14,0.20134228187919462,0.14455426501847754,0.05678801686071708,0.49594580929219806,0.8441558441558441,0.7834042312577204
availability,avibase-9D06AF89,Hairy Woodpecker,Leuconotopicus villosus,36,596,85,12,0.14261744966442952,0.08102164638772506,0.061595803276704456,0.42215112142395345,0.7222222222222222,0.7286815447097706
availability,avibase-A15C5071,Blue-gray Gnatcatcher,Polioptila caerulea,36,596,124,17,0.2080536912751678,0.19399696533511948,0.014056725940048309,0.4886388062164686,0.8668730650154799,0.8272387742975977
availability,avibase-A4F5C5C8,Northern House Wren,Troglodytes aedon,36,596,45,13,0.07550335570469799,0.0681150651743148,0.0073882905303831875,0.2579626400894942,0.745819397993311,0.5744793240947087
availability,avibase-A5F09E05,Song Sparrow,Melospiza melodia,36,596,234,25,0.3926174496644295,0.37816258909918316,0.014454860565246364,0.6545369667129253,0.7672727272727272,0.8371940714369873
availability,avibase-A7A75EA1,Blue Grosbeak,Passerina caerulea,36,596,17,8,0.028523489932885907,0.0487832893936226,0.020259799460736694,0.1320511363204466,0.6383928571428571,0.3164842549923195
availability,avibase-A8347C7D,Eastern Bluebird,Sialia sialis,36,596,294,30,0.49328859060402686,0.46787639067277015,0.025412199931256707,0.6881566313470294,0.7277777777777777,0.8772073394433094
availability,avibase-ACB9D1C6,Purple Martin,Progne subis,36,596,1,1,0.0016778523489932886,0.02906806532281057,0.02739021297381728,0.035479052908701236,0.2,0.034482758620689655
availability,avibase-AD7F307B,Brown-headed Nuthatch,Sitta pusilla,36,596,86,21,0.14429530201342283,0.1308022047699298,0.01349309724349304,0.4115907101437434,0.580952380952381,0.6588562778064591
availability,avibase-B01E8BD4,Hermit Thrush,Catharus guttatus,36,596,59,15,0.09899328859060402,0.09870132435138193,0.00029196423922209225,0.31750200364845366,0.7111111111111111,0.5779868463374319
availability,avibase-B48335B1,Pine Siskin,Spinus pinus,36,596,4,4,0.006711409395973154,0.038563060236707226,0.031851650840734075,0.060879505717461695,0.6484375,0.27293929267613476
availability,avibase-B488AB70,Tufted Titmouse,Baeolophus bicolor,36,596,461,34,0.7734899328859061,0.7167176392254413,0.05677229366046477,0.5308512579005481,0.8529411764705882,0.9908811798474741
availability,avibase-B59E1863,Canada Goose,Branta canadensis,36,596,97,22,0.16275167785234898,0.13270322300943752,0.030048454842911465,0.44515317649947883,0.538961038961039,0.6715140785779681
availability,avibase-B60B1166,Ruby-crowned Kinglet,Corthylio calendula,36,596,135,19,0.22651006711409397,0.21688380824939515,0.009626258864698811,0.5176331154405615,0.8359133126934984,0.8332988865822498
availability,avibase-BA4C8A02,Common Yellowthroat,Geothlypis trichas,36,596,48,12,0.08053691275167785,0.10266796266972619,0.022131049918048346,0.2754392611324722,0.5729166666666666,0.39677710293519114
availability,avibase-BBA2F9DF,Tree Swallow,Tachycineta bicolor,36,596,35,9,0.0587248322147651,0.07619018388924582,0.017465351674480725,0.21705248266797714,0.8189300411522634,0.5687084520417853
availability,avibase-BC5A9498,Yellow-rumped Warbler,Setophaga coronata,36,596,93,22,0.15604026845637584,0.10656688237350259,0.049473386082873244,0.4363996023000835,0.7467532467532467,0.8239766004508109
availability,avibase-BCF9A19A,Killdeer,Charadrius vociferus,36,596,36,8,0.06040268456375839,0.05625788848097092,0.0041447960827874705,0.2256821017166059,0.625,0.32316696103460807
availability,avibase-BED38F50,American Redstart,Setophaga ruticilla,36,596,15,8,0.025167785234899327,0.0437496392518882,0.01858185401698887,0.11759195350244939,0.9151785714285714,0.663176406926407
availability,avibase-C3AD1AFF,Chimney Swift,Chaetura pelagica,36,596,60,17,0.10067114093959731,0.09771583889354796,0.0029553020460493518,0.317767948191508,0.7027863777089783,0.6285400910805532
availability,avibase-C86D078E,Red-winged Blackbird,Agelaius phoeniceus,36,596,70,15,0.1174496644295302,0.15703688074378358,0.03958721631425338,0.35960079754722124,0.580952380952381,0.5485732538065196
availability,avibase-C8F9F2D0,Brown Thrasher,Toxostoma rufum,36,596,73,22,0.12248322147651007,0.14517412612202182,0.022690904645511753,0.3629879185082735,0.6396103896103896,0.7402365627060619
availability,avibase-C9ABA616,American Goldfinch,Spinus tristis,36,596,320,28,0.5369127516778524,0.4547194967533918,0.08219325492446056,0.695154062685969,0.7410714285714286,0.8376369391451837
availability,avibase-CB5469E1,Carolina Wren,Thryothorus ludovicianus,36,596,455,33,0.7634228187919463,0.7538218770251178,0.009600941766828464,0.5376066661959905,0.6767676767676768,0.9632022754537338
availability,avibase-CEA5B6AA,Ovenbird,Seiurus aurocapilla,36,596,77,8,0.12919463087248323,0.09255491525884843,0.0366397156136348,0.37491404942152085,0.6785714285714286,0.526384167303285
availability,avibase-D77E4B41,American Robin,Turdus migratorius,36,596,252,28,0.4228187919463087,0.3058366229470144,0.11698216899929431,0.6955384757155539,0.8080357142857143,0.9405636532620695
availability,avibase-D97F93CC,White-eyed Vireo,Vireo griseus,36,596,54,14,0.09060402684563758,0.094030509121566,0.0034264822759284275,0.2944834296084893,0.8603896103896104,0.8325054112554113
availability,avibase-DEC3D8D0,Ruby-throated Hummingbird,Archilochus colubris,36,596,67,15,0.11241610738255034,0.10275980961452795,0.00965629776802239,0.34276703061914154,0.8507936507936508,0.7613396625161333
availability,avibase-E23F6DE0,Field Sparrow,Spizella pusilla,36,596,51,9,0.08557046979865772,0.08766054814593904,0.002090078347281324,0.28335732357661586,0.6748971193415638,0.4777460127818551
availability,avibase-E826E9F3,Great Black-backed Gull,Larus marinus,36,596,2,1,0.003355704697986577,0.006097727722407087,0.00274202302442051,0.022039095367794175,1.0,1.0
availability,avibase-EA4D6C0B,Red-shouldered Hawk,Buteo lineatus,36,596,173,26,0.2902684563758389,0.311473749152966,0.02120529277712707,0.5957372966854053,0.7038461538461539,0.8689643481253495
availability,avibase-EB98812F,Cooper's Hawk,Astur cooperii,36,596,22,10,0.03691275167785235,0.039243270330531085,0.002330518652678734,0.156527349587629,0.49615384615384617,0.3093003663003663
availability,avibase-EF47E15D,Boat-tailed Grackle,Quiscalus major,36,596,1,1,0.0016778523489932886,0.004271075377184522,0.0025932230281912336,0.012889559083697086,1.0,1.0
availability,avibase-F59AB6B3,Brown Pelican,Pelecanus occidentalis,36,596,1,1,0.0016778523489932886,0.005517126195407754,0.0038392738464144652,0.013599000541578456,1.0,1.0
availability,avibase-F941AAD3,Carolina Chickadee,Poecile carolinensis,36,596,468,33,0.785234899328859,0.7679437371908419,0.01729116213801718,0.5143107661079463,0.696969696969697,0.9478141951796095
availability,avibase-FB738385,Bufflehead,Bucephala albeola,36,596,15,3,0.025167785234899327,0.013733829777912805,0.011433955456986522,0.11639067131002073,0.8383838383838383,0.34920634920634913
availability,avibase-FED3756C,Bald Eagle,Haliaeetus leucocephalus,36,596,22,9,0.03691275167785235,0.04260251677326308,0.005689765095410727,0.15711105608674966,0.6954732510288066,0.5137547637547637
availability,avibase-FF9D71AF,Northern Flicker,Colaptes auratus,36,596,93,19,0.15604026845637584,0.13674390204750853,0.01929636640886731,0.4314045430861325,0.826625386996904,0.8396206413593821
effort,avibase-00124D98,Mourning Dove,Zenaida macroura,36,596,315,29,0.5285234899328859,0.4522606108412647,0.07626287909162122,0.7124959959345722,0.3399014778325123,0.7100507409913848
effort,avibase-00635FF9,Pileated Woodpecker,Dryocopus pileatus,36,596,141,27,0.23657718120805368,0.2239974055864267,0.012579775621626987,0.544959032709245,0.6584362139917695,0.78167521097405
effort,avibase-043F337A,Indigo Bunting,Passerina cyanea,36,596,48,12,0.08053691275167785,0.12081540342195322,0.04027849067027538,0.28685543572668526,0.6076388888888888,0.506348486685923
effort,avibase-05FF3C9B,Dark-eyed Junco,Junco hyemalis,36,596,75,12,0.12583892617449666,0.06550099851326055,0.06033792766123611,0.38825688737954184,0.7118055555555556,0.5463128873097408
effort,avibase-0716A71C,Red-breasted Nuthatch,Sitta canadensis,36,596,4,4,0.006711409395973154,0.04326393203372323,0.03655252263775008,0.06450688783768048,0.765625,0.45795454545454545
effort,avibase-078557F2,Red-bellied Woodpecker,Melanerpes carolinus,36,596,347,31,0.5822147651006712,0.5818461027221392,0.0003686623785319476,0.6705311463858132,0.2967741935483871,0.7746985733712298
effort,avibase-082D833C,Eastern Kingbird,Tyrannus tyrannus,36,596,8,5,0.013422818791946308,0.018112277873047946,0.0046894590811016375,0.07062724956576699,0.5290322580645161,0.19112554112554112
effort,avibase-0CF12F81,Yellow-billed Cuckoo,Coccyzus americanus,36,596,16,4,0.026845637583892617,0.06784363231002885,0.04099799472613623,0.13833509482730638,0.6640625,0.2869318181818182
effort,avibase-1327AC55,Osprey,Pandion haliaetus,36,596,6,4,0.010067114093959731,0.012083568925900547,0.0020164548319408157,0.055484945504155864,0.625,0.18392857142857144
effort,avibase-136451CF,Yellow-throated Warbler,Setophaga dominica,36,596,53,10,0.08892617449664429,0.07344375987030916,0.015482414626335136,0.3054946114777495,0.38461538461538464,0.24405002405002402
effort,avibase-154BCCAE,Golden-crowned Kinglet,Regulus satrapa,36,596,101,17,0.16946308724832215,0.14194396326955933,0.027519123978762827,0.45716046469144994,0.4984520123839009,0.5472256256097431
effort,avibase-15EB3000,Hooded Warbler,Setophaga citrina,36,596,18,9,0.030201342281879196,0.043697515327558424,0.013496173045679228,0.13164735857058785,0.8024691358024691,0.7081525404106048
effort,avibase-19CCBBD2,White-breasted Nuthatch,Sitta carolinensis,36,596,280,25,0.4697986577181208,0.3521745891479038,0.11762406857021701,0.6862507988003294,0.6327272727272727,0.8184586619227425
effort,avibase-1B2A6386,Downy Woodpecker,Dryobates pubescens,36,596,303,30,0.5083892617449665,0.46857558125817533,0.039813680486791125,0.7051040346997477,0.5111111111111111,0.7988021527088267
effort,avibase-1DA430B8,Blue Jay,Cyanocitta cristata,36,596,291,30,0.48825503355704697,0.47020870737181414,0.01804632618523283,0.6837633134293475,0.8222222222222222,0.9500230817035042
effort,avibase-1E1AB415,Brown-headed Cowbird,Molothrus ater,36,596,69,16,0.11577181208053691,0.15467653929837197,0.038904727217835056,0.3629194760837374,0.63125,0.5157179122472441
effort,avibase-23863F65,Ring-billed Gull,Larus delawarensis,36,596,19,7,0.031879194630872486,0.028918799053527566,0.0029603955773449195,0.13700961441543963,0.8078817733990148,0.6383786848072562
effort,avibase-240E3390,House Sparrow,Passer domesticus,36,596,6,5,0.010067114093959731,0.04282526703763928,0.03275815294367955,0.07520115958712119,0.5419354838709678,0.1732037037037037
effort,avibase-2778A3F4,Acadian Flycatcher,Empidonax virescens,36,596,49,7,0.08221476510067115,0.10561711808679088,0.02340235298611973,0.2779782658755759,0.5812807881773399,0.4273926237161531
effort,avibase-27B2749A,Wood Duck,Aix sponsa,36,596,19,12,0.031879194630872486,0.06531120534211197,0.03343201071123949,0.14984554671182865,0.5729166666666666,0.4227836049083513
effort,avibase-2C1981BB,Northern Rough-winged Swallow,Stelgidopteryx serripennis,36,596,17,7,0.028523489932885907,0.04583988318707319,0.01731639325418728,0.12906700523730275,0.6551724137931034,0.2803317042595513
effort,avibase-3558066B,Belted Kingfisher,Megaceryle alcyon,36,596,43,16,0.07214765100671142,0.08250794530964937,0.010360294302937958,0.25505644612228195,0.53125,0.4689341047187514
effort,avibase-36B3872D,Turkey Vulture,Cathartes aura,36,596,156,29,0.26174496644295303,0.32219673048129815,0.060451764038345124,0.5823786050673656,0.42857142857142855,0.753130538044916
effort,avibase-37E9CCDA,Chipping Sparrow,Spizella passerina,36,596,125,14,0.20973154362416108,0.19717012890833335,0.012561414715827723,0.5000223961253872,0.551948051948052,0.422334756817786
effort,avibase-39BD9FF2,White-throated Sparrow,Zonotrichia albicollis,36,596,181,20,0.3036912751677852,0.27941602040957286,0.02427525475821235,0.6004058506626736,0.603125,0.7094051327892219
effort,avibase-3AC46C54,Double-crested Cormorant,Nannopterum auritum,36,596,16,7,0.026845637583892617,0.07331443750518281,0.04646879992129019,0.14524080273866932,0.35467980295566504,0.18053713527851456
effort,avibase-41062654,Northern Parula,Setophaga americana,36,596,81,15,0.13590604026845637,0.12818228800924833,0.007723752259208044,0.397178210401079,0.638095238095238,0.6249975317080579
effort,avibase-42101632,Scarlet Tanager,Piranga olivacea,36,596,50,7,0.08389261744966443,0.07388145586588239,0.010011161583782041,0.2830132510262068,0.6798029556650246,0.44669738863287245
effort,avibase-43E56D2C,Fish Crow,Corvus ossifragus,36,596,85,21,0.14261744966442952,0.10906279349587107,0.03355465616855845,0.4096941492215173,0.5142857142857142,0.5771796892602941
effort,avibase-448D91B7,Red-headed Woodpecker,Melanerpes erythrocephalus,36,596,1,1,0.0016778523489932886,0.007144241430484159,0.00546638908149087,0.015493474842596094,0.22857142857142856,0.03571428571428571
effort,avibase-49D9148A,Great Egret,Ardea alba,36,596,8,3,0.013422818791946308,0.01321846358603079,0.00020435520591551883,0.07147116978257048,0.18181818181818182,0.0665546218487395
effort,avibase-4D207AF6,Black-and-white Warbler,Mniotilta varia,36,596,23,8,0.03859060402684564,0.051062862520049886,0.012472258493204248,0.16535305573548176,0.53125,0.3372318148110695
effort,avibase-4E192262,Swamp Sparrow,Melospiza georgiana,36,596,46,8,0.07718120805369127,0.07209057590905452,0.005090632144636759,0.260644500317476,0.5625,0.28811813186813184
effort,avibase-4E74AE22,Northern Cardinal,Cardinalis cardinalis,36,596,403,33,0.6761744966442953,0.6783485354593136,0.00217403881501832,0.6267114378986679,0.696969696969697,0.9623411466189726
effort,avibase-4FF7DE80,Black Vulture,Coragyps atratus,36,596,103,17,0.17281879194630873,0.1872052488311025,0.014386456884793786,0.45115771628571083,0.6130030959752322,0.5624514562856163
effort,avibase-536A5157,Red-tailed Hawk,Buteo jamaicensis,36,596,60,17,0.10067114093959731,0.09308723801584452,0.007583902923752786,0.3239650506756656,0.4458204334365325,0.4779672450681301
effort,avibase-58C502EA,Barn Swallow,Hirundo rustica,36,596,26,10,0.0436241610738255,0.06533170903989133,0.021707547966065825,0.1752056520961003,0.6730769230769231,0.4186891471101998
effort,avibase-6090278A,Eastern Towhee,Pipilo erythrophthalmus,36,596,181,27,0.3036912751677852,0.35992471548734895,0.05623344031956373,0.5736772267326182,0.823045267489712,0.9030790417700153
effort,avibase-60E6081E,Hooded Merganser,Lophodytes cucullatus,36,596,17,3,0.028523489932885907,0.015638709238624114,0.012884780694261792,0.12709925472448197,0.8888888888888888,0.5575757575757575
effort,avibase-60F32AF8,American Herring Gull,Larus smithsonianus,36,596,0,0,0.0,0.001433957043891435,0.001433957043891435,0.0014350000128615908,,
effort,avibase-6283E61E,Pine Warbler,Setophaga pinus,36,596,141,16,0.23657718120805368,0.3074372134502702,0.07086003224221651,0.5538922806348764,0.35625,0.3715067740247955
effort,avibase-62CA2AF8,Eastern Phoebe,Sayornis phoebe,36,596,264,28,0.4429530201342282,0.3208574739178555,0.1220955462163727,0.7178851926347845,0.6830357142857143,0.884870294219293
effort,avibase-69544B59,American Crow,Corvus brachyrhynchos,36,596,411,32,0.6895973154362416,0.6531010307121596,0.03649628472408195,0.6159749180966066,0.8515625,0.9770620931526217
effort,avibase-6CDC3C9C,Laughing Gull,Leucophaeus atricilla,36,596,2,1,0.003355704697986577,0.00851850369913916,0.005162799001152582,0.02404855767979932,0.8285714285714286,0.14285714285714285
effort,avibase-719935EF,Royal Tern,Thalasseus maximus,36,596,1,1,0.0016778523489932886,0.004417724284693449,0.00273987193570016,0.013014214206500938,0.9714285714285714,0.5
effort,avibase-7EFF698D,Northern Mockingbird,Mimus polyglottos,36,596,92,22,0.15436241610738255,0.2230486710549601,0.06868625494757755,0.42433374800928214,0.6753246753246753,0.7081562391856511
effort,avibase-847717E2,Red-eyed Vireo,Vireo olivaceus,36,596,108,14,0.18120805369127516,0.18125753299701933,4.947930574417114e-05,0.4692656080334115,0.6558441558441559,0.6026087279697528
effort,avibase-85625D75,Mallard,Anas platyrhynchos,36,596,63,16,0.10570469798657718,0.08535374579763652,0.02035095218894066,0.3263466659439719,0.615625,0.5536269686373587
effort,avibase-86D45B8F,Green Heron,Butorides virescens,36,596,5,3,0.008389261744966443,0.010914545412481632,0.0025252836675151887,0.046495528264899576,0.696969696969697,0.1603174603174603
effort,avibase-891798D9,Summer Tanager,Piranga rubra,36,596,50,6,0.08389261744966443,0.12069499043860292,0.036802372988938487,0.2933539873552525,0.42777777777777776,0.17569444444444446
effort,avibase-89431E9F,House Finch,Haemorhous mexicanus,36,596,109,26,0.18288590604026847,0.2158210088542644,0.03293510281399592,0.4695313022397821,0.5269230769230769,0.7608154981002884
effort,avibase-8BBB3255,Common Grackle,Quiscalus quiscula,36,596,53,13,0.08892617449664429,0.09473371421980778,0.005807539723163488,0.29005497756867776,0.6020066889632107,0.43649218165347203
effort,avibase-8CD66855,Eastern Meadowlark,Sturnella magna,36,596,44,8,0.0738255033557047,0.0713181558546404,0.002507347501064308,0.25576099533097313,0.40625,0.24726806089257425
effort,avibase-8D6D5F2B,Great Crested Flycatcher,Myiarchus crinitus,36,596,22,9,0.03691275167785235,0.06071197744708933,0.02379922576923698,0.1663066435205464,0.3868312757201646,0.23680196744712875
effort,avibase-8E1D9327,Wood Thrush,Hylocichla mustelina,36,596,57,12,0.09563758389261745,0.08574536429005582,0.009892219602561633,0.3168408514685906,0.6180555555555556,0.5210489993098688
effort,avibase-93694BB5,Great Blue Heron,Ardea herodias,36,596,59,20,0.09899328859060402,0.06785922742530004,0.031134061165303983,0.33088689287910117,0.3625,0.508838127128547
effort,avibase-9437D635,Cedar Waxwing,Bombycilla cedrorum,36,596,42,17,0.07046979865771812,0.08317554877108375,0.012705750113365638,0.2468643747354243,0.6563467492260062,0.6000131829056433
effort,avibase-94A44032,European Starling,Sturnus vulgaris,36,596,54,11,0.09060402684563758,0.12141429941676207,0.030810272571124495,0.2929172313624318,0.6254545454545455,0.3747847953410613
effort,avibase-95B77F08,Gray Catbird,Dumetella carolinensis,36,596,52,12,0.087248322147651,0.10889325832210531,0.021644936174454302,0.2763232217356781,0.84375,0.6182412494912494
effort,avibase-95DB0943,Blue-headed Vireo,Vireo solitarius,36,596,25,11,0.04194630872483222,0.03730322353091816,0.004643085193914057,0.1662526026308048,0.6836363636363636,0.545049801764388
effort,avibase-9891BF73,Eastern Wood-Pewee,Contopus virens,36,596,55,7,0.09228187919463088,0.11892064452021314,0.026638765325582264,0.3044986029031218,0.6108374384236454,0.44274376417233563
effort,avibase-9A8E55D0,Pied-billed Grebe,Podilymbus podiceps,36,596,10,3,0.016778523489932886,0.008445393471453564,0.008333130018479322,0.08648453224134851,0.696969696969697,0.18095238095238098
effort,avibase-9BE68BD3,Yellow-bellied Sapsucker,Sphyrapicus varius,36,596,120,14,0.20134228187919462,0.14010245102963992,0.0612398308495547,0.5046295604457398,0.5324675324675324,0.5201207011246817
effort,avibase-9D06AF89,Hairy Woodpecker,Leuconotopicus villosus,36,596,85,12,0.14261744966442952,0.08040967976811948,0.062207769896310036,0.41654707010716213,0.7256944444444444,0.7057660570591605
effort,avibase-A15C5071,Blue-gray Gnatcatcher,Polioptila caerulea,36,596,124,17,0.2080536912751678,0.21143243354338928,0.0033787422682214907,0.5163608693906585,0.6037151702786377,0.5531258333832588
effort,avibase-A4F5C5C8,Northern House Wren,Troglodytes aedon,36,596,45,13,0.07550335570469799,0.06125315159384236,0.014250204110855626,0.2514825085041666,0.725752508361204,0.5120287169358787
effort,avibase-A5F09E05,Song Sparrow,Melospiza melodia,36,596,234,25,0.3926174496644295,0.36700808781905464,0.02560936184537488,0.6561809241119723,0.6436363636363637,0.8041118282831883
effort,avibase-A7A75EA1,Blue Grosbeak,Passerina caerulea,36,596,17,8,0.028523489932885907,0.05610579616646438,0.027582306233578477,0.1354709914489804,0.47767857142857145,0.2760196792454857
effort,avibase-A8347C7D,Eastern Bluebird,Sialia sialis,36,596,294,30,0.49328859060402686,0.45523919855188205,0.038049392052144804,0.6923399624143455,0.4111111111111111,0.7788022824306942
effort,avibase-ACB9D1C6,Purple Martin,Progne subis,36,596,1,1,0.0016778523489932886,0.03207725183663252,0.03039939948763923,0.03790072735037058,0.8857142857142857,0.2
effort,avibase-AD7F307B,Brown-headed Nuthatch,Sitta pusilla,36,596,86,21,0.14429530201342283,0.13807521571699005,0.006220086296432781,0.40298420226618686,0.46984126984126984,0.6160011534833195
effort,avibase-B01E8BD4,Hermit Thrush,Catharus guttatus,36,596,59,15,0.09899328859060402,0.10153593386729691,0.002542645276692887,0.3220228143904516,0.6190476190476191,0.4914076827768666
effort,avibase-B48335B1,Pine Siskin,Spinus pinus,36,596,4,4,0.006711409395973154,0.037304347087222856,0.0305929376912497,0.058774517142479124,0.9140625,0.69375
effort,avibase-B488AB70,Tufted Titmouse,Baeolophus bicolor,36,596,461,34,0.7734899328859061,0.7209950031450131,0.05249492974089298,0.545014863935124,0.6323529411764706,0.9714298193997754
effort,avibase-B59E1863,Canada Goose,Branta canadensis,36,596,97,22,0.16275167785234898,0.1209392777750356,0.04181240007731338,0.445703662975104,0.45454545454545453,0.622563854573368
effort,avibase-B60B1166,Ruby-crowned Kinglet,Corthylio calendula,36,596,135,19,0.22651006711409397,0.22943889894741493,0.0029288318333209606,0.5355367797025872,0.5232198142414861,0.5446276419038553
effort,avibase-BA4C8A02,Common Yellowthroat,Geothlypis trichas,36,596,48,12,0.08053691275167785,0.11227980351088031,0.03174289075920246,0.2803941008256864,0.4652777777777778,0.3351806427625051
effort,avibase-BBA2F9DF,Tree Swallow,Tachycineta bicolor,36,596,35,9,0.0587248322147651,0.07286427156287152,0.014139439348106422,0.21436131725317453,0.6172839506172839,0.3635716135716136
effort,avibase-BC5A9498,Yellow-rumped Warbler,Setophaga coronata,36,596,93,22,0.15604026845637584,0.10349866804110523,0.0525416004152706,0.44395808165136225,0.5551948051948052,0.6707546549746307
effort,avibase-BCF9A19A,Killdeer,Charadrius vociferus,36,596,36,8,0.06040268456375839,0.05947784217537049,0.0009248423883879003,0.2231018317479359,0.8526785714285714,0.5476377788877789
effort,avibase-BED38F50,American Redstart,Setophaga ruticilla,36,596,15,8,0.025167785234899327,0.03998264168770421,0.014814856452804885,0.1171246222308294,0.5625,0.26182276270191873
effort,avibase-C3AD1AFF,Chimney Swift,Chaetura pelagica,36,596,60,17,0.10067114093959731,0.09629997976074282,0.004371161178854485,0.321487754476936,0.6996904024767802,0.5868490594474022
effort,avibase-C86D078E,Red-winged Blackbird,Agelaius phoeniceus,36,596,70,15,0.1174496644295302,0.1562132870515921,0.0387636226220619,0.35233690810834334,0.5904761904761905,0.4933511331497346
effort,avibase-C8F9F2D0,Brown Thrasher,Toxostoma rufum,36,596,73,22,0.12248322147651007,0.153558609457124,0.03107538798061392,0.3506006421546602,0.7045454545454546,0.75628849952919
effort,avibase-C9ABA616,American Goldfinch,Spinus tristis,36,596,320,28,0.5369127516778524,0.45700981532967333,0.07990293634817902,0.6910800160634885,0.6785714285714286,0.8479226861515251
effort,avibase-CB5469E1,Carolina Wren,Thryothorus ludovicianus,36,596,455,33,0.7634228187919463,0.7582174111532685,0.005205407638677828,0.5481170536049363,0.3333333333333333,0.8517896978574251
effort,avibase-CEA5B6AA,Ovenbird,Seiurus aurocapilla,36,596,77,8,0.12919463087248323,0.10107063919605824,0.028123991676424986,0.3880405374089337,0.6473214285714286,0.5791832801701222
effort,avibase-D77E4B41,American Robin,Turdus migratorius,36,596,252,28,0.4228187919463087,0.2947092330545787,0.12810955889173004,0.6904011378022873,0.6071428571428571,0.8525420948686319
effort,avibase-D97F93CC,White-eyed Vireo,Vireo griseus,36,596,54,14,0.09060402684563758,0.10399159054028108,0.0133875636946435,0.2933601369725368,0.6655844155844156,0.5417899264090624
effort,avibase-DEC3D8D0,Ruby-throated Hummingbird,Archilochus colubris,36,596,67,15,0.11241610738255034,0.10465124518229257,0.007764862200257766,0.34521022086139147,0.5841269841269842,0.5505323043459716
effort,avibase-E23F6DE0,Field Sparrow,Spizella pusilla,36,596,51,9,0.08557046979865772,0.0815677518812602,0.004002717917397522,0.2792657857119386,0.4279835390946502,0.24370042196129157
effort,avibase-E826E9F3,Great Black-backed Gull,Larus marinus,36,596,2,1,0.003355704697986577,0.00617007929097311,0.0028143745929865333,0.022264351550749347,0.9428571428571428,0.3333333333333333
effort,avibase-EA4D6C0B,Red-shouldered Hawk,Buteo lineatus,36,596,173,26,0.2902684563758389,0.30955657787971047,0.019288121503871547,0.6005193747778318,0.5923076923076923,0.7362729297449637
effort,avibase-EB98812F,Cooper's Hawk,Astur cooperii,36,596,22,10,0.03691275167785235,0.03975311847991191,0.0028403668020595615,0.15545846245601175,0.47307692307692306,0.28479186925606365
effort,avibase-EF47E15D,Boat-tailed Grackle,Quiscalus major,36,596,1,1,0.0016778523489932886,0.004442784346908881,0.002764931997915592,0.013119210017886417,1.0,1.0
effort,avibase-F59AB6B3,Brown Pelican,Pelecanus occidentalis,36,596,1,1,0.0016778523489932886,0.005856124001348878,0.00417827165235559,0.01391244240725124,0.9714285714285714,0.5
effort,avibase-F941AAD3,Carolina Chickadee,Poecile carolinensis,36,596,468,33,0.785234899328859,0.7592507868805187,0.025984112448340313,0.5249622945583182,0.6565656565656566,0.9444082391332792
effort,avibase-FB738385,Bufflehead,Bucephala albeola,36,596,15,3,0.025167785234899327,0.012747199230846143,0.012420586004053184,0.11939810531020237,0.7272727272727273,0.23989898989898986
effort,avibase-FED3756C,Bald Eagle,Haliaeetus leucocephalus,36,596,22,9,0.03691275167785235,0.040649319095724584,0.003736567417872233,0.1567188271221935,0.7489711934156379,0.5915878360322805
effort,avibase-FF9D71AF,Northern Flicker,Colaptes auratus,36,596,93,19,0.15604026845637584,0.13345920814563764,0.0225810603107382,0.4345693278972967,0.5820433436532507,0.58783244290839
combined,avibase-00124D98,Mourning Dove,Zenaida macroura,36,596,315,29,0.5285234899328859,0.46658403166388507,0.061939458269000824,0.7112222873363763,0.4876847290640394,0.7533304764876829
combined,avibase-00635FF9,Pileated Woodpecker,Dryocopus pileatus,36,596,141,27,0.23657718120805368,0.2341114679388952,0.0024657132691584815,0.5300979832615822,0.7119341563786008,0.8803691435140166
combined,avibase-043F337A,Indigo Bunting,Passerina cyanea,36,596,48,12,0.08053691275167785,0.11390577600456324,0.03336886325288539,0.27538842547935766,0.7881944444444444,0.6546455450867215
combined,avibase-05FF3C9B,Dark-eyed Junco,Junco hyemalis,36,596,75,12,0.12583892617449666,0.06612363365797588,0.059715292516520774,0.3734761726727468,0.7152777777777778,0.6798619417862839
combined,avibase-0716A71C,Red-breasted Nuthatch,Sitta canadensis,36,596,4,4,0.006711409395973154,0.04708859574474744,0.04037718634877429,0.06817158686365897,0.7734375,0.2682109557109557
combined,avibase-078557F2,Red-bellied Woodpecker,Melanerpes carolinus,36,596,347,31,0.5822147651006712,0.6107707928691134,0.028556027768442238,0.6498825548378075,0.47096774193548385,0.8750659090289271
combined,avibase-082D833C,Eastern Kingbird,Tyrannus tyrannus,36,596,8,5,0.013422818791946308,0.01846853354883274,0.00504571475688643,0.06908476655049949,0.6774193548387096,0.3168035190615836
combined,avibase-0CF12F81,Yellow-billed Cuckoo,Coccyzus americanus,36,596,16,4,0.026845637583892617,0.06309127844495062,0.036245640861058,0.13240811183304008,0.828125,0.6916666666666667
combined,avibase-1327AC55,Osprey,Pandion haliaetus,36,596,6,4,0.010067114093959731,0.010827819818330791,0.0007607057243710601,0.05512508161128773,0.5859375,0.17502587991718424
combined,avibase-136451CF,Yellow-throated Warbler,Setophaga dominica,36,596,53,10,0.08892617449664429,0.07153955725765468,0.017386617238989613,0.29530706684350977,0.6576923076923077,0.5254723707664885
combined,avibase-154BCCAE,Golden-crowned Kinglet,Regulus satrapa,36,596,101,17,0.16946308724832215,0.16774370408798225,0.001719383160339899,0.4363181703493803,0.8173374613003096,0.8034260937221909
combined,avibase-15EB3000,Hooded Warbler,Setophaga citrina,36,596,18,9,0.030201342281879196,0.041157170508256895,0.010955828226377699,0.1281378293128505,0.831275720164609,0.6802749719416386
combined,avibase-19CCBBD2,White-breasted Nuthatch,Sitta carolinensis,36,596,280,25,0.4697986577181208,0.37147568866310504,0.09832296905501575,0.6582045699177912,0.7345454545454545,0.8591760096379895
combined,avibase-1B2A6386,Downy Woodpecker,Dryobates pubescens,36,596,303,30,0.5083892617449665,0.4855003914477041,0.02288887029726233,0.6819693037644141,0.6166666666666667,0.8855499796499647
combined,avibase-1DA430B8,Blue Jay,Cyanocitta cristata,36,596,291,30,0.48825503355704697,0.4763042988793162,0.011950734677730779,0.6788015590862035,0.8722222222222222,0.9727513592452492
combined,avibase-1E1AB415,Brown-headed Cowbird,Molothrus ater,36,596,69,16,0.11577181208053691,0.1395082613515774,0.02373644927104049,0.35001765115633987,0.771875,0.64659653797492
combined,avibase-23863F65,Ring-billed Gull,Larus delawarensis,36,596,19,7,0.031879194630872486,0.03079275335278987,0.0010864412780826165,0.1326380352190604,0.7881773399014779,0.6916666666666665
combined,avibase-240E3390,House Sparrow,Passer domesticus,36,596,6,5,0.010067114093959731,0.03594376743714881,0.02587665334318908,0.06942796406996471,0.5612903225806452,0.2492063492063492
combined,avibase-2778A3F4,Acadian Flycatcher,Empidonax virescens,36,596,49,7,0.08221476510067115,0.09991054818184184,0.017695783081170688,0.2674177571612377,0.6009852216748769,0.5551360017691287
combined,avibase-27B2749A,Wood Duck,Aix sponsa,36,596,19,12,0.031879194630872486,0.060035588544787175,0.02815639391391469,0.144081705429139,0.6145833333333334,0.45482099599746656
combined,avibase-2C1981BB,Northern Rough-winged Swallow,Stelgidopteryx serripennis,36,596,17,7,0.028523489932885907,0.04647465652142395,0.017951166588538042,0.12702411382706208,0.7832512315270936,0.39580934938077794
combined,avibase-3558066B,Belted Kingfisher,Megaceryle alcyon,36,596,43,16,0.07214765100671142,0.08637473177814843,0.014227080771437015,0.2550517232269912,0.51875,0.5053527060744553
combined,avibase-36B3872D,Turkey Vulture,Cathartes aura,36,596,156,29,0.26174496644295303,0.3080808029528832,0.04633583650993017,0.5748961202991407,0.5073891625615764,0.8385374471954004
combined,avibase-37E9CCDA,Chipping Sparrow,Spizella passerina,36,596,125,14,0.20973154362416108,0.18611285705494401,0.023618686569217062,0.483520028726597,0.672077922077922,0.5777728772441237
combined,avibase-39BD9FF2,White-throated Sparrow,Zonotrichia albicollis,36,596,181,20,0.3036912751677852,0.30825058018301155,0.004559305015226334,0.5805309164648556,0.846875,0.8730632471043904
combined,avibase-3AC46C54,Double-crested Cormorant,Nannopterum auritum,36,596,16,7,0.026845637583892617,0.06836174445964346,0.041516106875750844,0.14194393447172443,0.3645320197044335,0.17450599459273894
combined,avibase-41062654,Northern Parula,Setophaga americana,36,596,81,15,0.13590604026845637,0.13217753246926622,0.0037285077991901505,0.38203708007099263,0.7587301587301587,0.7779208007828696
combined,avibase-42101632,Scarlet Tanager,Piranga olivacea,36,596,50,7,0.08389261744966443,0.08296863340316403,0.0009239840465004034,0.2726050653145985,0.8571428571428571,0.7206959706959707
combined,avibase-43E56D2C,Fish Crow,Corvus ossifragus,36,596,85,21,0.14261744966442952,0.10502917957085892,0.0375882700935706,0.4064113462576336,0.5142857142857142,0.6417312383772887
combined,avibase-448D91B7,Red-headed Woodpecker,Melanerpes erythrocephalus,36,596,1,1,0.0016778523489932886,0.007557836033078848,0.005879983684085559,0.01569678391153333,0.45714285714285713,0.05
combined,avibase-49D9148A,Great Egret,Ardea alba,36,596,8,3,0.013422818791946308,0.014363397367536121,0.0009405785755898129,0.07135528377136025,0.2828282828282828,0.07466063348416291
combined,avibase-4D207AF6,Black-and-white Warbler,Mniotilta varia,36,596,23,8,0.03859060402684564,0.04860957458165268,0.010018970554807043,0.1635890096286375,0.5625,0.26691209104515556
combined,avibase-4E192262,Swamp Sparrow,Melospiza georgiana,36,596,46,8,0.07718120805369127,0.07110019692613574,0.006081011127555533,0.25378338268019346,0.6473214285714286,0.4602479386266928
combined,avibase-4E74AE22,Northern Cardinal,Cardinalis cardinalis,36,596,403,33,0.6761744966442953,0.6515471112208079,0.024627385423487413,0.6160541074315674,0.6161616161616161,0.9308564935026888
combined,avibase-4FF7DE80,Black Vulture,Coragyps atratus,36,596,103,17,0.17281879194630873,0.20506890218129895,0.03225011023499022,0.44531669719239036,0.628482972136223,0.645714582727936
combined,avibase-536A5157,Red-tailed Hawk,Buteo jamaicensis,36,596,60,17,0.10067114093959731,0.08884153710115676,0.011829603838440547,0.32084506410945124,0.5603715170278638,0.5802593889918602
combined,avibase-58C502EA,Barn Swallow,Hirundo rustica,36,596,26,10,0.0436241610738255,0.06292232649788361,0.019298165424058107,0.16916491137543274,0.7923076923076923,0.5476569083090822
combined,avibase-6090278A,Eastern Towhee,Pipilo erythrophthalmus,36,596,181,27,0.3036912751677852,0.34434209633993623,0.04065082117215102,0.5518679855678869,0.8847736625514403,0.960953422135435
combined,avibase-60E6081E,Hooded Merganser,Lophodytes cucullatus,36,596,17,3,0.028523489932885907,0.01642501555326951,0.012098474379616395,0.12139131758329455,0.9494949494949495,0.5333333333333333
combined,avibase-60F32AF8,American Herring Gull,Larus smithsonianus,36,596,0,0,0.0,0.0012804649197168322,0.0012804649197168322,0.0012812985386760525,,
combined,avibase-6283E61E,Pine Warbler,Setophaga pinus,36,596,141,16,0.23657718120805368,0.2935977667170083,0.05702058550895464,0.527312742193242,0.7125,0.7320156360452412
combined,avibase-62CA2AF8,Eastern Phoebe,Sayornis phoebe,36,596,264,28,0.4429530201342282,0.3439394001342706,0.09901361999995761,0.6936994878022288,0.8169642857142857,0.9426692106007744
combined,avibase-69544B59,American Crow,Corvus brachyrhynchos,36,596,411,32,0.6895973154362416,0.6658558891523605,0.023741426283881095,0.612072445890665,0.78125,0.9546328386346722
combined,avibase-6CDC3C9C,Laughing Gull,Leucophaeus atricilla,36,596,2,1,0.003355704697986577,0.007989488592865133,0.004633783894878556,0.022488762733064622,1.0,1.0
combined,avibase-719935EF,Royal Tern,Thalasseus maximus,36,596,1,1,0.0016778523489932886,0.0039021501516073244,0.002224297802614036,0.012259543117279599,1.0,1.0
combined,avibase-7EFF698D,Northern Mockingbird,Mimus polyglottos,36,596,92,22,0.15436241610738255,0.20709207218965428,0.05272965608227173,0.4119102985043284,0.724025974025974,0.8009275933303929
combined,avibase-847717E2,Red-eyed Vireo,Vireo olivaceus,36,596,108,14,0.18120805369127516,0.1631179860724299,0.018090067618845268,0.4584044804756827,0.8474025974025974,0.759383914856265
combined,avibase-85625D75,Mallard,Anas platyrhynchos,36,596,63,16,0.10570469798657718,0.0947371781334881,0.01096751985308908,0.32127255102583535,0.653125,0.6386376342523523
combined,avibase-86D45B8F,Green Heron,Butorides virescens,36,596,5,3,0.008389261744966443,0.011299549946530204,0.002910288201563761,0.045304136178647696,0.8383838383838383,0.26190476190476186
combined,avibase-891798D9,Summer Tanager,Piranga rubra,36,596,50,6,0.08389261744966443,0.12537545219513793,0.0414828347454735,0.2869982626040663,0.6166666666666667,0.5221949891067538
combined,avibase-89431E9F,House Finch,Haemorhous mexicanus,36,596,109,26,0.18288590604026847,0.20283853927714712,0.019952633236878653,0.45711290334708843,0.6269230769230769,0.7788210986184629
combined,avibase-8BBB3255,Common Grackle,Quiscalus quiscula,36,596,53,13,0.08892617449664429,0.09166047781480839,0.0027343033181640997,0.28501266037793876,0.6454849498327759,0.5048275999362956
combined,avibase-8CD66855,Eastern Meadowlark,Sturnella magna,36,596,44,8,0.0738255033557047,0.06650522385642632,0.0073202794992783815,0.24981403595220011,0.4732142857142857,0.3564767222025287
combined,avibase-8D6D5F2B,Great Crested Flycatcher,Myiarchus crinitus,36,596,22,9,0.03691275167785235,0.05336657707773199,0.01645382539987964,0.1578440861014011,0.5720164609053497,0.4017553845331623
combined,avibase-8E1D9327,Wood Thrush,Hylocichla mustelina,36,596,57,12,0.09563758389261745,0.08572325472963736,0.009914329162980087,0.3058233578592408,0.7951388888888888,0.6618485552115582
combined,avibase-93694BB5,Great Blue Heron,Ardea herodias,36,596,59,20,0.09899328859060402,0.06895920821784327,0.030034080372760757,0.3342151751351483,0.41875,0.6024771326457983
combined,avibase-9437D635,Cedar Waxwing,Bombycilla cedrorum,36,596,42,17,0.07046979865771812,0.08909607608021305,0.01862627742249494,0.24176869861907824,0.7616099071207431,0.6967986178223621
combined,avibase-94A44032,European Starling,Sturnus vulgaris,36,596,54,11,0.09060402684563758,0.12258106175085041,0.03197703490521284,0.2890696774542624,0.7672727272727272,0.5446285332314744
combined,avibase-95B77F08,Gray Catbird,Dumetella carolinensis,36,596,52,12,0.087248322147651,0.11146751769987129,0.024219195552220282,0.267824559547586,0.8923611111111112,0.7411648536648537
combined,avibase-95DB0943,Blue-headed Vireo,Vireo solitarius,36,596,25,11,0.04194630872483222,0.033511718431950215,0.008434590292882002,0.16409863318163045,0.68,0.4854136232936973
combined,avibase-9891BF73,Eastern Wood-Pewee,Contopus virens,36,596,55,7,0.09228187919463088,0.11241198296114903,0.02013010376651815,0.29208741660332443,0.6896551724137931,0.5764828738512949
combined,avibase-9A8E55D0,Pied-billed Grebe,Podilymbus podiceps,36,596,10,3,0.016778523489932886,0.009601469906422015,0.007177053583510871,0.0823154941282029,0.8585858585858586,0.35281385281385286
combined,avibase-9BE68BD3,Yellow-bellied Sapsucker,Sphyrapicus varius,36,596,120,14,0.20134228187919462,0.1569029339182897,0.04443934796090493,0.47745357702004004,0.775974025974026,0.7561828606734069
combined,avibase-9D06AF89,Hairy Woodpecker,Leuconotopicus villosus,36,596,85,12,0.14261744966442952,0.08934968036143172,0.0532677693029978,0.40228195833393543,0.7777777777777778,0.7437947401182696
combined,avibase-A15C5071,Blue-gray Gnatcatcher,Polioptila caerulea,36,596,124,17,0.2080536912751678,0.20425017285567001,0.0038035184194977756,0.49036630451138796,0.8297213622291022,0.7519405513128444
combined,avibase-A4F5C5C8,Northern House Wren,Troglodytes aedon,36,596,45,13,0.07550335570469799,0.0691475243113885,0.006355831393309488,0.2417878192974213,0.8093645484949833,0.5965727259166174
combined,avibase-A5F09E05,Song Sparrow,Melospiza melodia,36,596,234,25,0.3926174496644295,0.3839584707513752,0.008658978913054338,0.6431406098212425,0.76,0.8197285721486639
combined,avibase-A7A75EA1,Blue Grosbeak,Passerina caerulea,36,596,17,8,0.028523489932885907,0.052579980406085115,0.02405649047319921,0.13274787025623538,0.5267857142857143,0.2668542106042106
combined,avibase-A8347C7D,Eastern Bluebird,Sialia sialis,36,596,294,30,0.49328859060402686,0.47528923032867826,0.017999360275348597,0.6790906226122311,0.5611111111111111,0.8747534492835638
combined,avibase-ACB9D1C6,Purple Martin,Progne subis,36,596,1,1,0.0016778523489932886,0.02977212951299828,0.02809427716400499,0.03566360411406466,0.8,0.125
combined,avibase-AD7F307B,Brown-headed Nuthatch,Sitta pusilla,36,596,86,21,0.14429530201342283,0.1271245562840228,0.017170745729400028,0.4013001226546256,0.49206349206349204,0.6667426415643911
combined,avibase-B01E8BD4,Hermit Thrush,Catharus guttatus,36,596,59,15,0.09899328859060402,0.09726044670647423,0.001732841884129796,0.31602751808585583,0.7619047619047619,0.6181396599043658
combined,avibase-B48335B1,Pine Siskin,Spinus pinus,36,596,4,4,0.006711409395973154,0.041316249164058856,0.034604839768085704,0.06279360894957593,0.859375,0.5588235294117647
combined,avibase-B488AB70,Tufted Titmouse,Baeolophus bicolor,36,596,461,34,0.7734899328859061,0.7396533325214514,0.03383660036445468,0.530834774542131,0.7352941176470589,0.9814036035175583
combined,avibase-B59E1863,Canada Goose,Branta canadensis,36,596,97,22,0.16275167785234898,0.11967851510333935,0.04307316274900963,0.4403769954414953,0.4772727272727273,0.6846516610751926
combined,avibase-B60B1166,Ruby-crowned Kinglet,Corthylio calendula,36,596,135,19,0.22651006711409397,0.22411495112132707,0.0023951159927668997,0.5172459888710802,0.8359133126934984,0.8228498903572623
combined,avibase-BA4C8A02,Common Yellowthroat,Geothlypis trichas,36,596,48,12,0.08053691275167785,0.1142684375654731,0.03373152481379525,0.27442490004636694,0.5381944444444444,0.37982185751793596
combined,avibase-BBA2F9DF,Tree Swallow,Tachycineta bicolor,36,596,35,9,0.0587248322147651,0.07889826556405165,0.02017343334928655,0.20843544169608136,0.7366255144032922,0.48700527204111427
combined,avibase-BC5A9498,Yellow-rumped Warbler,Setophaga coronata,36,596,93,22,0.15604026845637584,0.10796624040793652,0.04807402804843931,0.4310936525575486,0.7272727272727273,0.7849708849434556
combined,avibase-BCF9A19A,Killdeer,Charadrius vociferus,36,596,36,8,0.06040268456375839,0.06162899600704445,0.0012263114432860545,0.22048991721369612,0.7767857142857143,0.5702617521367521
combined,avibase-BED38F50,American Redstart,Setophaga ruticilla,36,596,15,8,0.025167785234899327,0.045444030730341305,0.020276245495441977,0.11550010928351195,0.8348214285714286,0.62372557997558
combined,avibase-C3AD1AFF,Chimney Swift,Chaetura pelagica,36,596,60,17,0.10067114093959731,0.10513058116021973,0.004459440220622418,0.312635893398201,0.7956656346749226,0.715327792561606
combined,avibase-C86D078E,Red-winged Blackbird,Agelaius phoeniceus,36,596,70,15,0.1174496644295302,0.17390470679274342,0.05645504236321322,0.3515893763197713,0.653968253968254,0.5733050959161016
combined,avibase-C8F9F2D0,Brown Thrasher,Toxostoma rufum,36,596,73,22,0.12248322147651007,0.14059813520652337,0.018114913730013296,0.3359654237109642,0.698051948051948,0.7527261693989107
combined,avibase-C9ABA616,American Goldfinch,Spinus tristis,36,596,320,28,0.5369127516778524,0.4868197829631351,0.050092968714717245,0.6723548033898433,0.7098214285714286,0.8118455681250454
combined,avibase-CB5469E1,Carolina Wren,Thryothorus ludovicianus,36,596,455,33,0.7634228187919463,0.7775329075403662,0.014110088748419902,0.5419118559914561,0.3939393939393939,0.8955562402870691
combined,avibase-CEA5B6AA,Ovenbird,Seiurus aurocapilla,36,596,77,8,0.12919463087248323,0.08871894372289613,0.0404756871495871,0.387199857805138,0.71875,0.4720141700404858
combined,avibase-D77E4B41,American Robin,Turdus migratorius,36,596,252,28,0.4228187919463087,0.3150016150418544,0.1078171769044543,0.6663579076416859,0.7098214285714286,0.9094105046746147
combined,avibase-D97F93CC,White-eyed Vireo,Vireo griseus,36,596,54,14,0.09060402684563758,0.09439463675922195,0.003790609913584375,0.2815730800014719,0.7337662337662337,0.5657405689548547
combined,avibase-DEC3D8D0,Ruby-throated Hummingbird,Archilochus colubris,36,596,67,15,0.11241610738255034,0.10838791518003349,0.00402819220251685,0.33526362058127906,0.7777777777777778,0.6878407420724908
combined,avibase-E23F6DE0,Field Sparrow,Spizella pusilla,36,596,51,9,0.08557046979865772,0.09139551221699323,0.005825042418335508,0.27077451215065274,0.5679012345679012,0.4430967289790819
combined,avibase-E826E9F3,Great Black-backed Gull,Larus marinus,36,596,2,1,0.003355704697986577,0.005539248410718603,0.002183543712732026,0.020854920650445436,1.0,1.0
combined,avibase-EA4D6C0B,Red-shouldered Hawk,Buteo lineatus,36,596,173,26,0.2902684563758389,0.32883594675152095,0.03856749037568202,0.5961632528324343,0.6538461538461539,0.829328745452519
combined,avibase-EB98812F,Cooper's Hawk,Astur cooperii,36,596,22,10,0.03691275167785235,0.03955047557617994,0.0026377238983275875,0.15276809486155124,0.49615384615384617,0.38553132435770004
combined,avibase-EF47E15D,Boat-tailed Grackle,Quiscalus major,36,596,1,1,0.0016778523489932886,0.003961954788139228,0.002284102439145939,0.012161292304680112,1.0,1.0
combined,avibase-F59AB6B3,Brown Pelican,Pelecanus occidentalis,36,596,1,1,0.0016778523489932886,0.005159562153604207,0.003481709804610918,0.012855756125886532,1.0,1.0
combined,avibase-F941AAD3,Carolina Chickadee,Poecile carolinensis,36,596,468,33,0.785234899328859,0.7895810330074106,0.0043461336785515226,0.5153398550444939,0.6565656565656566,0.9046684520338664
combined,avibase-FB738385,Bufflehead,Bucephala albeola,36,596,15,3,0.025167785234899327,0.011846425383658018,0.01332135985124131,0.11540660581992682,0.8787878787878788,0.3277777777777778
combined,avibase-FED3756C,Bald Eagle,Haliaeetus leucocephalus,36,596,22,9,0.03691275167785235,0.042932248839971,0.0060194971621186505,0.15584787538517755,0.7777777777777778,0.5397049386751903
combined,avibase-FF9D71AF,Northern Flicker,Colaptes auratus,36,596,93,19,0.15604026845637584,0.1468718654707374,0.009168402985638424,0.42774886753956265,0.7678018575851393,0.7815542910448013
