simulation,total_count,observed_total,expected_total
1,551,584,584.00977
2,602,584,584.00977
3,589,584,584.00977
4,608,584,584.00977
5,583,584,584.00977
6,601,584,584.00977
7,554,584,584.00977
8,549,584,584.00977
9,576,584,584.00977
10,645,584,584.00977
11,573,584,584.00977
12,582,584,584.00977
13,604,584,584.00977
14,615,584,584.00977
15,620,584,584.00977
16,594,584,584.00977
17,568,584,584.00977
18,585,584,584.00977
19,599,584,584.00977
20,569,584,584.00977
21,575,584,584.00977
22,583,584,584.00977
23,625,584,584.00977
24,553,584,584.00977
25,559,584,584.00977
26,587,584,584.00977
27,566,584,584.00977
28,585,584,584.00977
29,567,584,584.00977
30,620,584,584.00977
31,578,584,584.00977
32,609,584,584.00977
33,576,584,584.00977
34,574,584,584.00977
35,556,584,584.00977
36,629,584,584.00977
37,612,584,584.00977
38,609,584,584.00977
39,588,584,584.00977
40,569,584,584.00977
41,564,584,584.00977
42,575,584,584.00977
43,583,584,584.00977
44,550,584,584.00977
45,603,584,584.00977
46,575,584,584.00977
47,579,584,584.00977
48,610,584,584.00977
49,604,584,584.00977
50,584,584,584.00977
51,614,584,584.00977
52,576,584,584.00977
53,591,584,584.00977
54,579,584,584.00977
55,624,584,584.00977
56,595,584,584.00977
57,561,584,584.00977
58,626,584,584.00977
59,582,584,584.00977
60,610,584,584.00977
61,582,584,584.00977
62,602,584,584.00977
63,563,584,584.00977
64,586,584,584.00977
65,583,584,584.00977
66,642,584,584.00977
67,565,584,584.00977
68,559,584,584.00977
69,638,584,584.00977
70,597,584,584.00977
71,580,584,584.00977
72,552,584,584.00977
73,591,584,584.00977
74,595,584,584.00977
75,576,584,584.00977
76,646,584,584.00977
77,610,584,584.00977
78,576,584,584.00977
79,574,584,584.00977
80,597,584,584.00977
81,604,584,584.00977
82,598,584,584.00977
83,603,584,584.00977
84,600,584,584.00977
85,570,584,584.00977
86,582,584,584.00977
87,599,584,584.00977
88,604,584,584.00977
89,584,584,584.00977
90,592,584,584.00977
91,580,584,584.00977
92,584,584,584.00977
93,607,584,584.00977
94,557,584,584.00977
95,589,584,584.00977
96,518,584,584.00977
97,568,584,584.00977
98,579,584,584.00977
99,600,584,584.00977
100,584,584,584.00977
101,607,584,584.00977
102,573,584,584.00977
103,618,584,584.00977
104,605,584,584.00977
105,610,584,584.00977
106,596,584,584.00977
107,574,584,584.00977
108,554,584,584.00977
109,561,584,584.00977
110,610,584,584.00977
111,521,584,584.00977
112,576,584,584.00977
113,553,584,584.00977
114,555,584,584.00977
115,631,584,584.00977
116,567,584,584.00977
117,587,584,584.00977
118,575,584,584.00977
119,590,584,584.00977
120,594,584,584.00977
121,547,584,584.00977
122,570,584,584.00977
123,564,584,584.00977
124,654,584,584.00977
125,579,584,584.00977
126,583,584,584.00977
127,577,584,584.00977
128,570,584,584.00977
129,596,584,584.00977
130,569,584,584.00977
131,570,584,584.00977
132,601,584,584.00977
133,568,584,584.00977
134,550,584,584.00977
135,592,584,584.00977
136,605,584,584.00977
137,564,584,584.00977
138,607,584,584.00977
139,518,584,584.00977
140,590,584,584.00977
141,568,584,584.00977
142,599,584,584.00977
143,586,584,584.00977
144,558,584,584.00977
145,577,584,584.00977
146,570,584,584.00977
147,608,584,584.00977
148,587,584,584.00977
149,600,584,584.00977
150,593,584,584.00977
151,574,584,584.00977
152,593,584,584.00977
153,547,584,584.00977
154,615,584,584.00977
155,586,584,584.00977
156,596,584,584.00977
157,621,584,584.00977
158,603,584,584.00977
159,592,584,584.00977
160,607,584,584.00977
161,575,584,584.00977
162,604,584,584.00977
163,582,584,584.00977
164,557,584,584.00977
165,590,584,584.00977
166,611,584,584.00977
167,573,584,584.00977
168,656,584,584.00977
169,592,584,584.00977
170,568,584,584.00977
171,629,584,584.00977
172,607,584,584.00977
173,581,584,584.00977
174,603,584,584.00977
175,549,584,584.00977
176,591,584,584.00977
177,586,584,584.00977
178,552,584,584.00977
179,605,584,584.00977
180,567,584,584.00977
181,564,584,584.00977
182,559,584,584.00977
183,571,584,584.00977
184,565,584,584.00977
185,588,584,584.00977
186,553,584,584.00977
187,557,584,584.00977
188,672,584,584.00977
189,575,584,584.00977
190,624,584,584.00977
191,558,584,584.00977
192,598,584,584.00977
193,596,584,584.00977
194,559,584,584.00977
195,567,584,584.00977
196,557,584,584.00977
197,579,584,584.00977
198,598,584,584.00977
199,580,584,584.00977
200,612,584,584.00977
201,585,584,584.00977
202,577,584,584.00977
203,568,584,584.00977
204,570,584,584.00977
205,571,584,584.00977
206,570,584,584.00977
207,604,584,584.00977
208,665,584,584.00977
209,575,584,584.00977
210,543,584,584.00977
211,581,584,584.00977
212,580,584,584.00977
213,596,584,584.00977
214,594,584,584.00977
215,576,584,584.00977
216,558,584,584.00977
217,579,584,584.00977
218,600,584,584.00977
219,571,584,584.00977
220,568,584,584.00977
221,566,584,584.00977
222,592,584,584.00977
223,596,584,584.00977
224,583,584,584.00977
225,591,584,584.00977
226,590,584,584.00977
227,610,584,584.00977
228,567,584,584.00977
229,587,584,584.00977
230,591,584,584.00977
231,596,584,584.00977
232,618,584,584.00977
233,592,584,584.00977
234,606,584,584.00977
235,567,584,584.00977
236,607,584,584.00977
237,626,584,584.00977
238,531,584,584.00977
239,582,584,584.00977
240,593,584,584.00977
241,580,584,584.00977
242,580,584,584.00977
243,543,584,584.00977
244,606,584,584.00977
245,576,584,584.00977
246,575,584,584.00977
247,547,584,584.00977
248,592,584,584.00977
249,612,584,584.00977
250,652,584,584.00977
251,551,584,584.00977
252,623,584,584.00977
253,583,584,584.00977
254,606,584,584.00977
255,563,584,584.00977
256,620,584,584.00977
257,552,584,584.00977
258,555,584,584.00977
259,599,584,584.00977
260,605,584,584.00977
261,565,584,584.00977
262,590,584,584.00977
263,569,584,584.00977
264,599,584,584.00977
265,565,584,584.00977
266,615,584,584.00977
267,610,584,584.00977
268,549,584,584.00977
269,565,584,584.00977
270,576,584,584.00977
271,583,584,584.00977
272,589,584,584.00977
273,556,584,584.00977
274,573,584,584.00977
275,609,584,584.00977
276,561,584,584.00977
277,603,584,584.00977
278,571,584,584.00977
279,583,584,584.00977
280,556,584,584.00977
281,573,584,584.00977
282,567,584,584.00977
283,593,584,584.00977
284,604,584,584.00977
285,610,584,584.00977
286,582,584,584.00977
287,583,584,584.00977
288,572,584,584.00977
289,589,584,584.00977
290,557,584,584.00977
291,596,584,584.00977
292,587,584,584.00977
293,595,584,584.00977
294,586,584,584.00977
295,567,584,584.00977
296,596,584,584.00977
297,539,584,584.00977
298,570,584,584.00977
299,587,584,584.00977
300,583,584,584.00977
301,555,584,584.00977
302,583,584,584.00977
303,602,584,584.00977
304,602,584,584.00977
305,576,584,584.00977
306,615,584,584.00977
307,530,584,584.00977
308,596,584,584.00977
309,567,584,584.00977
310,606,584,584.00977
311,582,584,584.00977
312,563,584,584.00977
313,578,584,584.00977
314,558,584,584.00977
315,563,584,584.00977
316,587,584,584.00977
317,593,584,584.00977
318,599,584,584.00977
319,628,584,584.00977
320,554,584,584.00977
321,598,584,584.00977
322,572,584,584.00977
323,579,584,584.00977
324,569,584,584.00977
325,586,584,584.00977
326,570,584,584.00977
327,570,584,584.00977
328,539,584,584.00977
329,516,584,584.00977
330,580,584,584.00977
331,528,584,584.00977
332,601,584,584.00977
333,556,584,584.00977
334,606,584,584.00977
335,561,584,584.00977
336,599,584,584.00977
337,578,584,584.00977
338,567,584,584.00977
339,569,584,584.00977
340,580,584,584.00977
341,577,584,584.00977
342,554,584,584.00977
343,618,584,584.00977
344,577,584,584.00977
345,628,584,584.00977
346,564,584,584.00977
347,563,584,584.00977
348,564,584,584.00977
349,552,584,584.00977
350,625,584,584.00977
351,596,584,584.00977
352,583,584,584.00977
353,574,584,584.00977
354,593,584,584.00977
355,599,584,584.00977
356,524,584,584.00977
357,624,584,584.00977
358,591,584,584.00977
359,564,584,584.00977
360,556,584,584.00977
361,590,584,584.00977
362,587,584,584.00977
363,592,584,584.00977
364,585,584,584.00977
365,574,584,584.00977
366,605,584,584.00977
367,535,584,584.00977
368,633,584,584.00977
369,558,584,584.00977
370,609,584,584.00977
371,565,584,584.00977
372,539,584,584.00977
373,578,584,584.00977
374,609,584,584.00977
375,554,584,584.00977
376,618,584,584.00977
377,573,584,584.00977
378,578,584,584.00977
379,593,584,584.00977
380,541,584,584.00977
381,609,584,584.00977
382,567,584,584.00977
383,570,584,584.00977
384,553,584,584.00977
385,568,584,584.00977
386,568,584,584.00977
387,577,584,584.00977
388,597,584,584.00977
389,592,584,584.00977
390,628,584,584.00977
391,616,584,584.00977
392,624,584,584.00977
393,616,584,584.00977
394,593,584,584.00977
395,587,584,584.00977
396,600,584,584.00977
397,586,584,584.00977
398,594,584,584.00977
399,639,584,584.00977
400,578,584,584.00977
401,612,584,584.00977
402,616,584,584.00977
403,639,584,584.00977
404,605,584,584.00977
405,588,584,584.00977
406,606,584,584.00977
407,567,584,584.00977
408,569,584,584.00977
409,573,584,584.00977
410,577,584,584.00977
411,565,584,584.00977
412,531,584,584.00977
413,557,584,584.00977
414,559,584,584.00977
415,594,584,584.00977
416,595,584,584.00977
417,571,584,584.00977
418,567,584,584.00977
419,577,584,584.00977
420,583,584,584.00977
421,552,584,584.00977
422,573,584,584.00977
423,575,584,584.00977
424,627,584,584.00977
425,605,584,584.00977
426,594,584,584.00977
427,550,584,584.00977
428,580,584,584.00977
429,591,584,584.00977
430,579,584,584.00977
431,605,584,584.00977
432,591,584,584.00977
433,603,584,584.00977
434,565,584,584.00977
435,586,584,584.00977
436,589,584,584.00977
437,594,584,584.00977
438,557,584,584.00977
439,576,584,584.00977
440,612,584,584.00977
441,554,584,584.00977
442,577,584,584.00977
443,584,584,584.00977
444,599,584,584.00977
445,535,584,584.00977
446,629,584,584.00977
447,567,584,584.00977
448,585,584,584.00977
449,558,584,584.00977
450,595,584,584.00977
451,595,584,584.00977
452,600,584,584.00977
453,591,584,584.00977
454,540,584,584.00977
455,570,584,584.00977
456,565,584,584.00977
457,591,584,584.00977
458,604,584,584.00977
459,598,584,584.00977
460,565,584,584.00977
461,613,584,584.00977
462,562,584,584.00977
463,562,584,584.00977
464,615,584,584.00977
465,584,584,584.00977
466,586,584,584.00977
467,590,584,584.00977
468,566,584,584.00977
469,592,584,584.00977
470,576,584,584.00977
471,567,584,584.00977
472,581,584,584.00977
473,566,584,584.00977
474,595,584,584.00977
475,585,584,584.00977
476,581,584,584.00977
477,594,584,584.00977
478,608,584,584.00977
479,586,584,584.00977
480,606,584,584.00977
481,627,584,584.00977
482,597,584,584.00977
483,587,584,584.00977
484,577,584,584.00977
485,587,584,584.00977
486,583,584,584.00977
487,511,584,584.00977
488,575,584,584.00977
489,594,584,584.00977
490,590,584,584.00977
491,616,584,584.00977
492,567,584,584.00977
493,524,584,584.00977
494,608,584,584.00977
495,592,584,584.00977
496,589,584,584.00977
497,603,584,584.00977
498,553,584,584.00977
499,605,584,584.00977
500,645,584,584.00977
